student_id,student_name,age,gender,country,course_id,course_name,category,price_inr,enrollment_date,device_used,payment_method,time_spent_hours,completion_pct,completion_status,certificate_issued,num_quizzes_taken,quiz_avg_score,rating,dropout_flag,last_login_date
STU00674,Jon Clark,30.0,Male,India,CRS147,Digital Marketing Masterclass Advanced,Digital Marketing,2019.88,2026-03-17,Mobile,Net Banking,9.0,25.5,In Progress,No,2,95.8,3.1,No,2026-05-10
STU00204,Carlos King,34.0,Male,USA,CRS136,Personal Development Masterclass Advanced,Personal Development,1971.11,2025-03-20,Desktop,Debit Card,11.8,58.3,In Progress,No,3,84.4,3.8,No,2026-07-02
STU00308,Katie Martinez,28.0,Male,Canada,CRS106,Digital Marketing Masterclass Advanced,digital marketing,2606.16,2026-07-11,Mobile,UPI,33.3,100.0,Completed,Yes,3,83.5,4.6,No,2026-08-24
STU01333,Kevin Gibson,34.0,Female,,CRS177,Personal Development Masterclass Beginner,Personal Development,578.88,2025-05-01,Desktop,Wallet,17.0,50.3,In Progress,No,9,89.7,3.8,No,2026-07-17
STU00492,Miss Anna Estes,25.0,Female,India,CRS135,Digital Marketing Masterclass Beginner,digital marketing,1475.59,2025-08-04,Mobile,Debit Card,3.1,15.5,In Progress,No,1,44.7,3.5,No,2026-07-21
STU00142,Bobby Williams MD,15.0,Female,India,CRS148,Business & Finance Masterclass Advanced,Business & Finance,3533.07,2026-07-19,Mobile,Net Banking,36.0,90.5,In Progress,No,10,82.6,4.0,No,2026-08-18
STU00723,Matthew House,22.0,Female,India,CRS197,Web Development Masterclass Advanced,Web Dev,3736.89,2026-04-28,Tablet,Debit Card,6.6,18.1,In Progress,No,2,71.5,1.9,No,2026-08-20
STU00305,Steven Wallace,19.0,Male,Philippines,CRS136,Web Development Masterclass Bootcamp,Web Dev,4878.69,2025-05-21,Desktop,Net Banking,12.5,40.6,In Progress,No,7,73.2,4.0,No,2026-07-08
STU00457,Karen Morales DDS,35.0,Male,Germany,CRS182,Web Development Masterclass Advanced,web dev,2501.1,2026-04-30,Tablet,UPI,4.6,19.8,In Progress,No,1,63.1,3.0,No,2026-05-10
STU01395,Bailey Lewis,39.0,Male,India,CRS154,Business & Finance Masterclass Advanced,Business and Finance,2106.69,2025-05-24,Desktop,UPI,12.5,56.5,In Progress,No,4,86.6,3.4,No,2026-04-28
STU00529,Carla Benton,32.0,Female,India,CRS119,Digital Marketing Masterclass Beginner,Digital Marketing,1811.87,2025-05-19,Desktop,Credit Card,12.7,57.5,In Progress,No,3,70.1,3.9,No,2026-04-28
STU00821,Kevin Johnson,38.0,Other,UK,CRS165,Personal Development Masterclass Bootcamp,Personal Development,547.79,2026-07-28,Desktop,UPI,36.3,98.6,Completed,Yes,9,93.3,4.3,No,2026-08-20
STU00390,Edwin Nunez,22.0,Female,India,CRS133,Business & Finance Masterclass Beginner,Business and Finance,1866.91,2025-07-12,Tablet,UPI,4.6,35.5,In Progress,No,2,45.3,3.6,No,2025-07-13
STU00997,Aaron Jennings,28.0,Other,Germany,CRS188,Personal Development Masterclass Intermediate,Personal Development,1851.3,2025-08-25,Mobile,Credit Card,31.7,100.0,Completed,Yes,11,100.0,5.0,No,2026-03-10
STU00658,Madeline Powell,28.0,Male,Australia,CRS107,IT & Software Masterclass Advanced,IT and Software,4795.21,2026-04-17,Mobile,Credit Card,1.9,13.4,In Progress,No,0,,2.7,No,2026-04-30
STU00043,Kristi Higgins MD,23.0,Other,Philippines,CRS133,IT & Software Masterclass Bootcamp,IT & Software,3302.18,2025-10-23,Mobile,Credit Card,15.6,61.0,In Progress,No,4,83.4,4.1,No,2026-09-03
STU00087,Ryan Bryant,35.0,Female,Germany,CRS186,Web Development Masterclass Beginner,Web Development,2727.34,2025-12-11,Desktop,Credit Card,5.6,28.5,In Progress,No,3,74.5,2.9,No,2025-12-25
STU00819,Robin Andrews,26.0,Male,India,CRS157,Cloud Computing Masterclass Bootcamp,Cloud Computing,2471.22,2026-05-08,Tablet,Net Banking,32.9,100.0,Completed,Yes,3,74.9,4.7,No,2026-09-12
STU00828,Brian Mora,36.0,Other,India,CRS129,Digital Marketing Masterclass Intermediate,Digital Marketing,2500.8,2025-07-26,Mobile,Net Banking,19.6,71.4,In Progress,No,4,87.2,4.0,No,2026-04-11
STU00234,Sandra Drake,36.0,Female,UAE,CRS154,Data Science Masterclass Bootcamp,Data  Science,5632.92,2025-10-01,Desktop,Wallet,6.0,7.4,Not Started,No,1,78.6,,No,2026-06-05
STU01231,Joe Johnson,31.0,Female,Germany,CRS135,Digital Marketing Masterclass Bootcamp,digital marketing,2145.16,2025-10-03,Tablet,Debit Card,17.6,88.0,In Progress,No,5,81.7,4.4,No,2026-01-21
STU00854,Shawn Kelley,16.0,Female,Canada,CRS179,Digital Marketing Masterclass Bootcamp,digital marketing,2691.4,2025-06-13,Mobile,UPI,6.3,41.3,In Progress,No,1,84.7,3.3,No,2025-07-30
STU01048,Richard Munoz,36.0,Other,Germany,CRS167,IT & Software Masterclass Bootcamp,IT & Software,2224.2,2026-02-14,Tablet,Credit Card,17.2,93.1,In Progress,No,8,88.4,4.0,No,2026-05-14
STU00548,Jacqueline Villegas,20.0,Female,India,CRS192,Data Science Masterclass Beginner,data science,5436.36,2026-06-25,Mobile,Wallet,11.4,52.5,In Progress,No,3,68.0,3.6,No,2026-08-08
STU00676,Brandon Hunt,16.0,Male,Nigeria,CRS153,Data Science Masterclass Beginner,DataScience,3827.04,2026-05-24,Desktop,Wallet,7.8,60.4,In Progress,No,2,52.7,3.2,No,2026-08-10
STU00638,Michael Holloway,22.0,Other,USA,CRS169,Personal Development Masterclass Beginner,Personal Development,1324.43,2025-09-15,Desktop,Wallet,79.19999999999999,32.9,In Progress,No,2,88.6,3.5,No,2025-12-16
STU01010,Shane Short,26.0,Other,Canada,CRS119,Graphic Design Masterclass Advanced,graphic design,1157.23,2025-12-14,Desktop,,6.9,25.4,In Progress,No,3,65.1,3.0,No,2026-07-17
STU01149,Barbara Mckinney,23.0,Female,Nigeria,CRS101,Cloud Computing Masterclass Beginner,Cloud Computing,6807.89,2025-09-13,Mobile,Debit Card,11.8,43.3,In Progress,No,2,70.7,3.0,No,2026-03-11
STU01470,Lisa Barnes,15.0,Female,UK,CRS157,Cloud Computing Masterclass Bootcamp,Cloud Computing,6777.4,2025-09-06,Mobile,Debit Card,15.7,53.7,In Progress,No,3,72.9,2.9,No,2026-04-12
STU00938,James Nelson,43.0,Female,India,CRS147,Personal Development Masterclass Advanced,Personal Development,1100.99,2025-04-15,Mobile,Net Banking,29.2,96.2,Completed,Yes,3,78.3,5.0,No,2026-03-22
STU01144,Manuel Diaz,30.0,Female,UAE,CRS135,Personal Development Masterclass Bootcamp,Personal Development,814.14,2026-06-21,Mobile,Credit Card,17.2,100.0,Completed,Yes,4,61.7,4.5,No,2026-06-30
STU01450,David Martin,27.0,Female,Canada,CRS112,Business & Finance Masterclass Advanced,Business and Finance,3363.5,2026-08-06,Mobile,UPI,16.4,54.4,In Progress,No,3,76.2,4.2,No,2026-08-24
STU01229,Dennis Cooper PhD,27.0,Male,India,CRS193,Business & Finance Masterclass Intermediate,Business & Finance,3201.64,2025-07-01,Desktop,Net Banking,4.2,16.4,In Progress,No,3,81.2,3.7,No,2026-04-20
STU01018,Benjamin Austin,28.0,Female,Australia,CRS166,Digital Marketing Masterclass Bootcamp,Digital Marketing,1668.13,2026-03-18,Mobile,UPI,6.2,32.6,In Progress,No,1,88.7,3.6,No,2026-05-09
STU00727,Tracey Phillips,24.0,Female,UK,CRS180,Data Science Masterclass Advanced,data science,3433.21,2025-12-26,Tablet,Wallet,8.5,44.3,In Progress,No,5,62.6,4.0,No,2026-06-04
STU00202,Phillip Clark,28.0,Other,USA,CRS106,Web Development Masterclass Bootcamp,Web Dev,3226.87,2025-05-23,Mobile,Wallet,14.1,66.7,In Progress,No,5,73.6,4.2,No,2026-02-19
STU00364,Timothy Hayden DVM,15.0,Other,Philippines,CRS183,Web Development Masterclass Advanced,web dev,3840.82,2026-08-16,Desktop,Credit Card,13.8,71.4,In Progress,No,4,89.2,4.3,No,2026-08-29
STU00758,Joshua Roberts,30.0,Other,India,CRS173,Data Science Masterclass Bootcamp,Data Science,5125.11,2026-07-14,Mobile,Wallet,13.3,73.0,In Progress,No,3,89.4,3.5,No,2026-09-17
STU01268,James Fry MD,23.0,Other,India,CRS129,Personal Development Masterclass Intermediate,Personal Development,849.17,2025-07-28,Mobile,Debit Card,4.7,23.0,In Progress,No,0,,3.0,No,2026-03-30
STU00999,Sydney Robles,36.0,Male,USA,CRS175,Web Development Masterclass Beginner,Web Development ,2593.34,2025-09-05,Desktop,Wallet,13.2,45.9,In Progress,No,5,71.6,2.7,No,2026-01-10
STU01124,Jaime Walker,21.0,Male,Nigeria,CRS140,Data Science Masterclass Bootcamp,data science,2352.06,2025-05-08,Mobile,Debit Card,19.2,87.5,In Progress,No,5,80.3,5.0,No,2026-05-10
STU00486,Ashley Greer PhD,21.0,Other,USA,CRS152,Business & Finance Masterclass Bootcamp,Business and Finance,3053.31,2026-03-25,Mobile,Net Banking,10.0,56.9,In Progress,No,2,95.4,4.0,No,2026-06-29
STU01270,Alisha Rasmussen,19.0,Female,India,CRS140,Business & Finance Masterclass Bootcamp,Business & Finance,1117.4,2025-09-22,Desktop,Credit Card,2.4,6.3,Not Started,No,0,,,No,2026-06-07
STU01325,Jeffery Williams,44.0,Male,India,CRS151,Personal Development Masterclass Bootcamp,Personal Development,643.96,2026-05-12,Mobile,UPI,13.0,44.6,In Progress,No,1,79.8,4.3,No,2026-07-30
STU00682,Victor Nelson,19.0,Other,India,CRS162,Data Science Masterclass Beginner,Data Science,2715.26,2026-05-14,Mobile,Debit Card,31.4,92.2,In Progress,No,7,100.0,4.1,No,2026-06-06
STU00669,Joshua Wells,34.0,Male,India,CRS183,Data Science Masterclass Advanced,DataScience,3485.73,2026-03-10,Desktop,Net Banking,12.4,48.0,In Progress,No,3,65.0,4.1,No,2026-05-29
STU01003,Heather Montes,21.0,Female,India,CRS111,Data Science Masterclass Bootcamp,Data  Science,2479.5,2026-03-08,Mobile,Debit Card,11.3,52.9,In Progress,No,5,69.0,3.0,No,2026-08-10
STU01017,Fernando Thomas,37.0,Other,Canada,CRS153,Business & Finance Masterclass Beginner,Business and Finance,2212.09,2025-12-09,Mobile,Debit Card,6.4,27.3,In Progress,No,1,49.3,3.7,No,2026-02-05
STU00875,Andrea Harrison,35.0,Male,USA,CRS187,Cloud Computing Masterclass Advanced,cloud computing,3402.95,2026-07-23,Mobile,Credit Card,14.7,79.1,In Progress,No,6,85.8,4.3,No,2026-07-26
STU00626,Samantha Robertson,31.0,Male,UAE,CRS143,Web Development Masterclass Advanced,web dev,1499.05,2026-04-06,Desktop,Net Banking,3.7,23.3,In Progress,No,1,60.9,2.6,No,2026-08-09
STU00814,James Willis,31.0,Other,USA,CRS123,IT & Software Masterclass Bootcamp,IT & Software,3750.85,2026-08-16,Desktop,UPI,7.3,42.7,In Progress,No,3,71.4,4.5,No,2026-09-10
STU01192,Brandon Goodwin,25.0,Male,UAE,CRS161,Web Development Masterclass Bootcamp,web dev,1809.96,2025-12-09,Mobile,Credit Card,18.4,100.0,Completed,Yes,2,88.6,3.5,No,2026-07-13
STU01442,Carl Brown,23.0,Male,India,CRS193,Digital Marketing Masterclass Advanced,Digital Marketing,828.87,2026-03-06,Desktop,UPI,20.6,79.4,In Progress,No,8,86.6,4.3,No,2026-06-24
STU00339,Elizabeth Rogers,22.0,Male,Australia,CRS141,Web Development Masterclass Beginner,web dev,1567.25,2025-06-11,Mobile,Wallet,25.5,72.4,In Progress,No,8,83.5,3.5,No,2026-09-13
STU00173,Bob Pitts,15.0,Female,India,CRS193,Data Science Masterclass Bootcamp,Data Science,5227.12,2026-01-05,Mobile,Credit Card,4.1,14.6,In Progress,No,1,61.1,3.0,No,2026-07-26
STU01047,Mr. William Miller,26.0,Male,India,CRS197,Digital Marketing Masterclass Beginner,digital marketing,2799.12,2025-03-27,Desktop,UPI,5.0,31.2,In Progress,No,4,74.4,2.7,No,2026-04-20
STU00161,Michael Armstrong,20.0,Female,Canada,CRS196,Data Science Masterclass Bootcamp,DataScience,5578.15,2025-11-09,Mobile,Net Banking,4.9,33.4,In Progress,No,2,62.0,3.2,No,2026-02-17
STU00448,Eric Rush,28.0,Other,Australia,CRS183,Data Science Masterclass Advanced,data science,3457.57,2026-01-19,Mobile,Credit Card,13.4,44.3,In Progress,No,3,45.4,4.9,No,2026-03-07
STU00952,Tiffany Wilson,19.0,Male,India,CRS110,Digital Marketing Masterclass Intermediate,digital marketing,2984.98,2026-07-06,Desktop,Debit Card,6.9,25.8,In Progress,No,2,60.6,4.0,No,2026-07-29
STU00058,Mandy Green,19.0,Female,India,CRS194,Cloud Computing Masterclass Beginner,Cloud Computing,4405.7,2025-08-09,Mobile,Net Banking,12.2,61.2,In Progress,No,1,72.4,3.6,No,2025-08-10
STU01125,Brianna Reilly,37.0,Male,Germany,CRS150,Personal Development Masterclass Intermediate,Personal Development,1251.04,2025-11-17,Mobile,Credit Card,17.9,90.6,In Progress,No,4,76.3,4.8,No,2026-04-13
STU00320,Laura Curtis,29.0,Male,UK,CRS150,Web Development Masterclass Advanced,Web Development,1519.69,2025-04-02,Mobile,Debit Card,12.1,70.2,In Progress,No,2,98.9,3.8,No,2025-04-26
STU00718,Kelly Johnson,22.0,Female,India,CRS153,Cloud Computing Masterclass Bootcamp,Cloud Computing,3867.83,2025-08-13,Desktop,Net Banking,13.5,65.7,In Progress,No,1,85.2,4.6,No,2026-07-18
STU00598,Steve Moore,20.0,Female,India,CRS170,Data Science Masterclass Beginner,Data Science,1611.14,2025-04-04,Desktop,Credit Card,11.3,76.2,In Progress,No,3,88.3,5.0,No,2026-08-18
STU00075,Erin Edwards,39.0,Male,Germany,CRS188,Business & Finance Masterclass Intermediate,Business & Finance,3678.02,2025-09-23,Mobile,Wallet,6.5,49.7,In Progress,No,4,50.0,4.8,No,2025-10-18
STU01089,Laura Robertson,17.0,Male,Philippines,CRS161,Graphic Design Masterclass Advanced,Graphic Design,2379.89,2025-08-03,Desktop,Wallet,6.5,49.0,In Progress,No,3,84.5,4.8,No,2026-05-17
STU01214,Philip Bush,25.0,Female,UK,CRS161,IT & Software Masterclass Beginner,IT & Software,2471.99,2025-05-21,Desktop,Credit Card,7.4,54.9,In Progress,No,5,70.7,3.8,No,2025-07-13
STU00472,Amy Garcia,24.0,Female,USA,CRS117,Personal Development Masterclass Advanced,Personal Development,584.94,2025-07-03,Mobile,Wallet,8.7,36.4,In Progress,No,5,73.9,4.4,No,2026-05-31
STU01238,Gregory Stanley,27.0,Female,India,CRS141,Data Science Masterclass Intermediate,Data  Science,2086.98,2025-05-08,Mobile,Credit Card,22.3,100.0,Completed,Yes,5,100.0,4.3,No,2025-10-26
STU00566,Jason Pierce,21.0,Other,UAE,CRS179,IT & Software Masterclass Intermediate,IT & Software,2501.93,2026-02-02,Mobile,Credit Card,5.7,17.3,In Progress,No,2,61.1,3.1,No,2026-03-30
STU01417,Laurie Vasquez,36.0,Other,Philippines,CRS164,Cloud Computing Masterclass Advanced,cloud computing,5576.41,2025-05-20,Mobile,Debit Card,7.6,47.5,In Progress,No,6,54.6,4.8,No,2025-08-26
STU01242,James Armstrong,41.0,Other,India,CRS183,Graphic Design Masterclass Bootcamp,Graphic Design,2368.72,2026-01-16,Desktop,Net Banking,6.8,38.2,In Progress,No,2,79.9,3.0,No,2026-09-14
STU00254,Andrea Davis,24.0,Other,India,CRS152,Digital Marketing Masterclass Beginner,Digital Marketing,2279.41,2026-01-22,Desktop,Credit Card,13.6,71.9,In Progress,No,6,77.7,5.0,No,2026-07-29
STU00687,Ashley Jenkins,25.0,Male,India,CRS143,Data Science Masterclass Advanced,data science,2334.87,2026-08-04,Mobile,Net Banking,14.1,64.6,In Progress,No,6,91.4,3.3,No,2026-08-09
STU00225,Sergio Knight,17.0,Other,India,CRS181,Digital Marketing Masterclass Beginner,digital marketing,2943.23,2025-08-25,Mobile,Debit Card,11.4,47.9,In Progress,No,3,65.7,3.2,No,2026-01-04
STU00781,Mason Lewis,22.0,Other,India,CRS110,Digital Marketing Masterclass Bootcamp,Digital Marketing,2262.58,2025-05-29,Mobile,UPI,12.7,56.1,In Progress,No,0,,3.6,No,2025-08-15
STU00668,Martha Smith,22.0,Male,Australia,CRS157,Cloud Computing Masterclass Bootcamp,Cloud Computing,4603.28,2025-04-13,Desktop,Net Banking,10.5,67.2,In Progress,No,1,74.0,4.5,No,2026-09-15
STU01334,Vincent Savage,28.0,Female,India,CRS150,Graphic Design Masterclass Advanced,Graphic Design,1084.24,2026-02-28,Desktop,Wallet,8.2,33.6,In Progress,No,3,77.1,3.5,No,2026-07-04
STU01372,Terri Miller,36.0,Male,Singapore,CRS142,Personal Development Masterclass Advanced,Personal Development,1080.16,2025-06-02,Desktop,Debit Card,5.9,20.9,In Progress,No,1,58.8,3.1,No,2025-06-06
STU00473,Jim Baker,17.0,Male,UK,CRS146,Digital Marketing Masterclass Intermediate,Digital Marketing,955.53,2026-06-12,Mobile,Debit Card,14.9,43.1,In Progress,No,6,93.2,4.4,No,2026-06-30
STU01469,Vicki Greene,27.0,Other,India,CRS134,IT & Software Masterclass Beginner,IT & Software,3143.13,2025-09-11,Mobile,Wallet,39.4,96.5,Completed,Yes,4,97.9,4.2,No,2026-05-17
STU01133,Kenneth Smith,26.0,Other,UK,CRS143,Data Science Masterclass Intermediate,Data  Science,3450.94,2026-06-23,Desktop,Credit Card,7.2,19.4,In Progress,No,1,82.2,3.7,No,2026-08-13
STU00861,Gregory Fernandez,15.0,Female,Nigeria,CRS141,Web Development Masterclass Intermediate,web dev,4826.51,2025-12-14,Desktop,Credit Card,17.9,88.4,In Progress,No,4,79.2,4.4,No,2026-06-09
STU01371,Heidi Johnson,29.0,Male,India,CRS121,Personal Development Masterclass Beginner,Personal Development,838.09,2025-11-11,Mobile,Wallet,44.2,100.0,Completed,Yes,9,94.8,5.0,No,2026-08-03
STU00383,Jennifer Velasquez,38.0,Male,USA,CRS159,Data Science Masterclass Intermediate,DataScience,2943.85,2025-11-13,Tablet,Debit Card,17.5,74.7,In Progress,No,2,71.4,4.4,No,2026-07-20
STU00905,Heather Ellis,19.0,Female,Australia,CRS182,Graphic Design Masterclass Beginner,graphic design,1985.86,2025-10-19,Desktop,Debit Card,29.4,96.4,Completed,Yes,5,72.6,4.5,No,2025-11-23
STU01237,Steven Peterson,15.0,Male,UK,CRS102,Cloud Computing Masterclass Advanced,cloud computing,2930.66,2025-09-15,Mobile,,19.5,94.2,In Progress,No,3,76.2,3.1,No,2026-06-15
STU01227,Brittany Howell,30.0,Female,India,CRS126,Business & Finance Masterclass Bootcamp,Business and Finance,3489.87,2026-08-03,Mobile,Net Banking,17.2,59.9,In Progress,No,0,,4.3,No,2026-08-20
STU00391,Danielle Reed,15.0,Other,Australia,CRS140,Graphic Design Masterclass Intermediate,Graphic Design,2372.53,2025-12-25,Desktop,Wallet,17.5,92.9,In Progress,No,4,82.0,4.6,No,2026-05-16
STU01127,Michael Brown,15.0,Other,USA,CRS181,Data Science Masterclass Beginner,Data  Science,2106.94,2026-08-05,Desktop,Debit Card,5.7,38.3,In Progress,No,1,91.3,2.9,No,2026-08-13
STU00771,Mary Charles,28.0,Female,Nigeria,CRS173,IT & Software Masterclass Beginner,IT & Software,3629.24,2025-12-07,Desktop,Debit Card,3.2,20.9,In Progress,No,0,,4.2,No,2026-03-30
STU00624,Roger Adams,27.0,Other,India,CRS183,IT & Software Masterclass Intermediate,IT & Software,5223.33,2025-05-27,Desktop,Credit Card,12.5,59.2,In Progress,No,1,79.8,4.3,No,2026-09-05
STU00989,Ashley Blair,21.0,Other,UAE,CRS142,Business & Finance Masterclass Bootcamp,Business & Finance,2148.75,2025-12-15,Mobile,Net Banking,11.7,29.0,In Progress,No,3,82.9,3.9,No,2026-06-25
STU01406,Rebecca Zimmerman,,Other,USA,CRS168,IT & Software Masterclass Beginner,IT and Software,4686.38,2026-06-09,Mobile,Wallet,18.5,100.0,Completed,Yes,6,90.1,4.1,No,2026-08-19
STU01167,Kara Roberts,26.0,Other,India,CRS160,Digital Marketing Masterclass Advanced,digital marketing,893.44,2026-08-05,Mobile,Net Banking,2.3,20.3,In Progress,No,2,64.1,2.8,No,2026-08-19
STU00503,Christina Barker,31.0,Male,Australia,CRS161,Business & Finance Masterclass Bootcamp,Business & Finance,1271.26,2025-11-02,Mobile,Wallet,4.0,10.1,In Progress,No,0,,3.0,No,2025-11-02
STU00726,Maria Fischer,31.0,Other,India,CRS181,IT & Software Masterclass Bootcamp,IT and Software,3302.15,2026-05-22,Mobile,UPI,10.2,44.7,In Progress,No,3,76.8,3.1,No,2026-09-07
STU00296,Sergio Gomez,23.0,Female,UK,CRS114,Business & Finance Masterclass Intermediate,Business & Finance,2102.17,2026-03-10,Desktop,Net Banking,10.9,49.4,In Progress,No,3,79.8,3.6,No,2026-05-16
STU01431,Michael Lucas,31.0,Male,India,CRS104,Cloud Computing Masterclass Advanced,cloud computing,4265.12,2025-11-11,Mobile,Debit Card,12.9,71.5,In Progress,No,9,88.8,4.7,No,2026-05-16
STU00848,Christopher Morton,24.0,Other,India,CRS165,Digital Marketing Masterclass Intermediate,Digital Marketing,1796.6,2025-08-14,Desktop,Debit Card,24.9,92.0,In Progress,No,6,94.7,5.0,No,2026-04-23
STU00212,Zachary Schmidt,34.0,Male,USA,CRS194,IT & Software Masterclass Bootcamp,IT & Software,3297.4,2026-02-09,Mobile,Wallet,31.4,100.0,Completed,Yes,9,63.0,4.5,No,2026-06-10
STU00033,Taylor Heath,33.0,Male,Singapore,CRS169,Digital Marketing Masterclass Advanced,digital marketing,2618.21,2025-04-24,Mobile,Debit Card,16.3,76.0,In Progress,No,2,84.1,4.1,No,2026-03-13
STU01295,Adam Anderson,38.0,Female,India,CRS124,Data Science Masterclass Advanced,data science,5040.59,2025-09-26,Mobile,Credit Card,11.4,56.4,In Progress,No,8,69.7,4.1,No,2026-05-28
STU00909,Ralph Howe,25.0,Male,India,CRS159,Web Development Masterclass Intermediate,Web Dev,3724.51,2026-01-27,Mobile,Debit Card,7.6,28.6,In Progress,No,1,66.3,3.5,No,2026-06-07
STU00464,Brian Perry,25.0,Other,India,CRS174,Business & Finance Masterclass Beginner,Business and Finance,1797.06,2025-12-02,Mobile,Wallet,16.4,90.6,In Progress,No,7,99.4,4.1,No,2026-03-12
STU00595,Fernando Lynn,40.0,Other,Canada,CRS118,Graphic Design Masterclass Advanced,Graphic Design,2484.16,2025-04-26,,Debit Card,0.8,1.9,Not Started,No,0,,,No,2026-07-01
STU00401,James Webster,38.0,Female,USA,CRS101,Personal Development Masterclass Bootcamp,Personal Development,1035.47,2025-08-30,Mobile,Debit Card,7.7,48.5,In Progress,No,2,65.9,3.7,No,2026-02-05
STU00705,Ashley Perry,22.0,Other,India,CRS185,IT & Software Masterclass Bootcamp,IT and Software,2358.98,2025-11-10,Desktop,UPI,27.5,93.3,In Progress,No,6,77.0,4.5,No,2026-07-11
STU00897,Kenneth Huff,29.0,Other,India,CRS148,Graphic Design Masterclass Bootcamp,Graphic Design,1864.48,2025-07-01,Mobile,UPI,11.3,67.2,In Progress,No,4,80.0,4.2,No,2026-02-01
STU01074,Leah Lee,24.0,Other,Australia,CRS170,Cloud Computing Masterclass Bootcamp,cloud computing,3287.06,2026-04-22,Mobile,Debit Card,16.6,66.8,In Progress,No,5,60.8,3.7,No,2026-08-11
STU00679,Parker Davis,20.0,Other,Philippines,CRS159,Graphic Design Masterclass Beginner,Graphic Design,2759.36,2025-08-16,Desktop,Wallet,0.9,0.0,Not Started,No,0,,,No,2026-07-01
STU00896,Beverly Russo,35.0,Female,India,CRS100,Business & Finance Masterclass Bootcamp,Business & Finance,1756.59,2025-12-14,Mobile,Credit Card,19.2,91.8,In Progress,No,4,85.7,4.4,No,2026-01-01
STU01373,Antonio Malone,15.0,Male,Australia,CRS157,Cloud Computing Masterclass Bootcamp,cloud computing,6281.77,2025-08-28,Mobile,Net Banking,0.8,6.6,Not Started,No,0,,,No,2026-09-11
STU00832,Robert Mendoza,25.0,Other,USA,CRS142,Business & Finance Masterclass Bootcamp,Business & Finance,2857.28,2025-07-11,Desktop,Debit Card,10.6,48.4,In Progress,No,5,85.2,3.2,No,2026-03-18
STU01264,Tiffany Huynh,26.0,Male,Nigeria,CRS180,Data Science Masterclass Bootcamp,Data Science,5934.05,2026-07-14,Desktop,UPI,2.2,13.4,In Progress,No,0,,3.0,Yes,2026-08-17
STU00468,William Sanchez,,Other,Nigeria,CRS161,Digital Marketing Masterclass Intermediate,digital marketing,1356.24,2026-02-17,Desktop,Debit Card,9.0,49.5,In Progress,No,4,92.3,2.9,No,2026-07-11
STU01490,Jennifer Torres,27.0,Other,,CRS194,Web Development Masterclass Advanced,Web Development,4356.89,2025-07-10,Desktop,Debit Card,13.6,61.4,In Progress,No,3,71.4,4.2,No,2025-10-06
STU00616,Kelly Barnes,34.0,Male,India,CRS185,Graphic Design Masterclass Advanced,Graphic Design,2739.56,2026-06-13,Mobile,UPI,4.8,29.5,In Progress,No,1,84.0,4.7,No,2026-08-28
STU00261,Chad Jones,27.0,Male,Singapore,CRS105,Data Science Masterclass Intermediate,Data Science,4583.1,2026-07-21,Desktop,Wallet,11.3,47.6,In Progress,No,3,61.1,4.3,No,2026-08-18
STU00571,William Moreno,28.0,Female,UK,CRS176,Personal Development Masterclass Intermediate,Personal Development,1255.54,2026-06-25,Desktop,UPI,12.5,51.7,In Progress,No,5,89.6,4.7,No,2026-08-30
STU00963,Erik Carr,41.0,Male,Canada,CRS110,Data Science Masterclass Beginner,data science,5449.91,2025-04-09,Tablet,Net Banking,8.1,42.0,In Progress,No,1,91.9,2.8,No,2026-05-01
STU00618,Dustin Nichols,26.0,Male,Nigeria,CRS109,IT & Software Masterclass Advanced,IT and Software,2830.76,2026-07-10,Desktop,,7.1,24.3,In Progress,No,2,63.7,3.9,No,2026-08-18
STU00283,John Reid,27.0,Female,Nigeria,CRS143,Web Development Masterclass Advanced,Web Development ,4983.4,2026-08-11,Mobile,Debit Card,15.7,78.4,In Progress,No,4,100.0,4.2,No,2026-09-01
STU00366,Kathleen Mays,26.0,Male,India,CRS119,Business & Finance Masterclass Advanced,Business & Finance,1274.27,2025-08-13,Mobile,Wallet,2.9,0.0,Not Started,No,0,,,No,2026-09-13
STU00826,Susan Porter,24.0,Other,USA,CRS112,Business & Finance Masterclass Beginner,Business and Finance,3927.95,2025-08-05,Mobile,Debit Card,5.1,24.4,In Progress,No,3,59.3,3.4,No,2026-08-27
STU00670,Elizabeth Stanley,30.0,Male,India,CRS179,Digital Marketing Masterclass Intermediate,Digital Marketing,2158.93,2025-06-06,Mobile,Credit Card,8.4,41.8,In Progress,No,3,67.2,3.0,No,2026-04-28
STU01419,David Mercado,15.0,Female,Nigeria,CRS183,Web Development Masterclass Advanced,Web Dev,1370.3,2025-10-15,Desktop,Net Banking,13.3,88.6,In Progress,No,6,100.0,3.7,No,2026-03-27
STU00413,Timothy Riley,27.0,Female,Philippines,CRS122,Business & Finance Masterclass Intermediate,Business & Finance,3306.24,2025-07-11,Mobile,Net Banking,2.6,1.6,Not Started,No,0,,,No,2025-09-12
STU00617,Olivia Ayers,28.0,Male,India,CRS169,Business & Finance Masterclass Intermediate,Business and Finance,3669.06,2025-10-19,Mobile,Wallet,18.8,96.3,Completed,Yes,6,77.6,4.5,No,2025-12-07
STU00904,Cassidy Curry,39.0,Male,India,CRS174,Digital Marketing Masterclass Advanced,digital marketing,2773.48,2025-12-16,Desktop,Debit Card,13.7,85.7,In Progress,No,3,80.6,3.7,No,2026-02-22
STU01157,Erin Watkins,25.0,Other,India,CRS157,Cloud Computing Masterclass Intermediate,Cloud Computing,4483.12,2025-10-17,Mobile,UPI,,71.2,In Progress,No,5,83.2,3.8,No,2026-02-09
STU00192,Kristina Herman,15.0,Other,Singapore,CRS138,Digital Marketing Masterclass Bootcamp,Digital Marketing,1869.2,2025-07-17,Mobile,Credit Card,5.8,13.6,In Progress,No,2,76.5,2.8,No,2025-07-27
STU00183,Stephanie Lucas,22.0,Female,Nigeria,CRS147,IT & Software Masterclass Advanced,IT and Software,4595.52,2026-02-22,Mobile,Debit Card,1.5,7.2,Not Started,No,0,,,No,2026-08-15
STU00782,Bailey Hall,28.0,Other,Germany,CRS187,Digital Marketing Masterclass Intermediate,digital marketing,1507.66,2025-06-23,Desktop,Debit Card,26.8,91.4,In Progress,No,5,84.6,3.4,No,2025-12-03
STU00530,Carol Martinez,47.0,Female,USA,CRS159,Cloud Computing Masterclass Intermediate,Cloud Computing,2722.18,2025-12-14,Desktop,Net Banking,1.3,3.0,Not Started,No,0,,,No,2026-07-19
STU00301,Phillip Berry,24.0,Male,Philippines,CRS183,Business & Finance Masterclass Beginner,Business & Finance,1074.91,2026-03-05,Desktop,Credit Card,12.4,75.8,In Progress,No,5,84.1,3.8,No,2026-09-07
STU00015,Emily Rios,23.0,Male,USA,CRS162,Business & Finance Masterclass Intermediate,Business & Finance,1559.56,2025-07-06,Mobile,Wallet,19.0,100.0,Completed,Yes,3,95.5,4.8,No,2026-08-23
STU00127,William Tran,18.0,Male,Philippines,CRS162,Cloud Computing Masterclass Beginner,cloud computing,5684.37,2025-03-26,Desktop,Net Banking,12.6,68.6,In Progress,No,2,77.2,3.1,No,2026-01-08
STU01308,Amanda Kelly,35.0,Female,,CRS107,Business & Finance Masterclass Bootcamp,Business & Finance,3009.85,2025-10-30,Desktop,UPI,4.7,13.8,In Progress,No,1,75.6,2.3,No,2026-09-16
STU00993,Michelle Krause,29.0,Female,Australia,CRS190,Web Development Masterclass Intermediate,Web Dev,2429.59,2025-11-28,Desktop,Credit Card,4.4,23.3,In Progress,No,1,94.4,3.7,No,2026-01-19
STU00743,Vanessa Rowe,31.0,Male,Philippines,CRS166,IT & Software Masterclass Intermediate,IT & Software,1627.54,2025-05-11,Mobile,Credit Card,6.9,25.5,In Progress,No,2,62.4,3.4,No,2026-02-01
STU00223,Maria Johnson,27.0,Female,UK,CRS169,Data Science Masterclass Beginner,DataScience,5835.75,2026-08-04,Mobile,UPI,35.2,100.0,Completed,Yes,5,93.1,4.9,No,2026-09-09
STU00809,William Mendez,17.0,Other,India,CRS191,Web Development Masterclass Beginner,web dev,3044.31,2025-04-29,Mobile,Debit Card,8.3,46.3,In Progress,No,5,80.0,3.0,No,2025-05-18
STU01206,Steven Lopez,28.0,Other,Nigeria,CRS100,Web Development Masterclass Beginner,Web Dev,2502.41,2026-04-27,Mobile,Credit Card,4.0,18.5,In Progress,No,1,94.2,2.1,No,2026-09-06
STU00876,Sandra Martinez,38.0,Other,Canada,CRS163,Graphic Design Masterclass Beginner,graphic design,1474.1,2025-06-26,Desktop,Debit Card,11.4,43.0,In Progress,No,3,62.5,3.7,No,2026-07-08
STU00984,Christopher Powers,29.0,Male,India,CRS143,Personal Development Masterclass Bootcamp,Personal Development,1422.4,2026-07-07,Mobile,Credit Card,9.0,22.7,In Progress,No,4,67.6,3.2,No,2026-07-10
STU00974,Richard Hunt,34.0,Male,Canada,CRS196,Personal Development Masterclass Intermediate,Personal Development,779.77,2025-09-22,Desktop,UPI,11.4,71.2,In Progress,No,8,63.8,3.9,No,2026-03-30
STU00443,Kyle Nguyen,27.0,Other,Nigeria,CRS199,IT & Software Masterclass Bootcamp,IT and Software,4610.91,2025-04-01,Mobile,UPI,1.7,5.7,Not Started,No,1,78.2,,No,2025-10-07
STU00946,Steven Sandoval,15.0,Other,UK,CRS115,Personal Development Masterclass Intermediate,Personal Development,1562.87,2025-12-30,Tablet,Debit Card,2.9,21.1,In Progress,No,1,80.1,2.2,Yes,2026-03-13
STU00652,Andrea Preston,25.0,Male,India,CRS195,Business & Finance Masterclass Advanced,Business & Finance,1941.35,2026-06-09,Desktop,Net Banking,0.7,2.0,Not Started,No,0,,,No,2026-08-06
STU00343,Mikayla Silva,26.0,Male,Philippines,CRS111,Business & Finance Masterclass Beginner,Business and Finance,1756.94,2026-04-27,Mobile,Net Banking,18.9,87.6,In Progress,No,8,91.0,4.2,No,2026-08-16
STU00386,Veronica Brewer,29.0,Other,India,CRS199,Graphic Design Masterclass Intermediate,Graphic Design,1425.72,2025-10-16,Desktop,Wallet,6.2,10.7,In Progress,No,1,60.9,2.5,No,2026-07-02
STU00604,Anna Stephens,24.0,Female,UK,CRS132,Data Science Masterclass Advanced,Data Science,4428.55,2025-10-10,Desktop,Credit Card,2.1,20.0,In Progress,No,0,,3.3,Yes,2026-03-26
STU00267,Holly Valentine,20.0,Male,Germany,CRS181,Web Development Masterclass Advanced,web dev,2689.07,2026-05-11,Mobile,Debit Card,15.9,74.1,In Progress,No,2,62.4,4.1,No,2026-07-10
STU00157,Sharon Hill,35.0,Female,UK,CRS185,Digital Marketing Masterclass Beginner,Digital Marketing,2093.09,2026-07-08,Desktop,UPI,1.2,0.0,Not Started,No,0,,,No,2026-08-13
STU00132,Lisa Gibbs,27.0,Other,Germany,CRS171,Personal Development Masterclass Beginner,Personal Development,1281.44,2026-08-14,Desktop,Wallet,5.2,20.9,In Progress,No,0,,3.6,No,2026-08-18
STU01043,Michael Long,33.0,Male,India,CRS112,Web Development Masterclass Bootcamp,Web Development,1269.72,2026-06-07,Mobile,UPI,3.3,7.4,Not Started,No,0,,,No,2026-09-04
STU01385,Edward Doyle,38.0,Other,Singapore,CRS110,Cloud Computing Masterclass Beginner,cloud computing,4194.24,2025-04-12,Mobile,Credit Card,2.3,24.6,In Progress,No,1,74.0,3.2,No,2026-03-19
STU00739,Jaime Lang,41.0,Female,Canada,CRS154,IT & Software Masterclass Intermediate,IT & Software,5080.27,2025-08-12,Mobile,UPI,7.0,44.4,In Progress,No,5,79.8,4.2,No,2026-08-13
STU00888,Steven Washington,24.0,Other,India,CRS179,Web Development Masterclass Beginner,Web Development ,1287.72,2026-03-10,Mobile,Net Banking,13.2,55.1,In Progress,No,5,72.3,3.9,No,2026-05-17
STU01451,John Morton,34.0,Male,UK,CRS190,Graphic Design Masterclass Bootcamp,graphic design,2110.22,2025-08-26,Desktop,Credit Card,7.1,38.5,In Progress,No,3,86.6,3.5,No,2026-04-25
STU00063,Marc Moore,30.0,Other,India,CRS102,Graphic Design Masterclass Beginner,Graphic Design,1403.3,2026-04-26,Mobile,Debit Card,12.9,49.5,In Progress,No,4,84.9,3.2,No,2026-09-01
STU00981,Joshua Harvey,28.0,Other,India,CRS198,Web Development Masterclass Bootcamp,Web Dev,2848.38,2025-04-29,Tablet,UPI,42.9,86.5,In Progress,No,6,91.8,4.5,No,2026-02-27
STU00644,Yolanda Green,32.0,Other,India,CRS135,Web Development Masterclass Intermediate,Web Dev,1690.12,2026-03-05,Desktop,UPI,42.3,93.9,In Progress,No,6,84.2,5.0,No,2026-07-25
STU01468,Terry Glover,33.0,Other,India,CRS164,Digital Marketing Masterclass Advanced,digital marketing,2977.04,2025-10-23,Mobile,Debit Card,10.3,30.7,In Progress,No,4,88.9,2.9,No,2025-12-26
STU00543,Paige Sanchez,27.0,Other,Germany,CRS141,Personal Development Masterclass Intermediate,Personal Development,1492.2,2026-04-22,Desktop,Debit Card,17.1,89.6,In Progress,No,6,79.2,4.9,No,2026-05-21
STU00045,Sarah Moore,20.0,Male,Germany,CRS194,Graphic Design Masterclass Advanced,Graphic Design,986.38,2025-04-17,Mobile,Wallet,16.3,99.1,Completed,Yes,10,63.7,4.5,No,2026-02-14
STU00813,Aaron Moore,22.0,Other,Canada,CRS153,Data Science Masterclass Beginner,Data  Science,5605.03,2025-06-14,Mobile,Debit Card,14.1,95.5,Completed,No,5,98.2,4.2,No,2025-06-30
STU01262,Matthew Davis,15.0,Male,Philippines,CRS110,Business & Finance Masterclass Beginner,Business & Finance,1383.0,2026-06-27,Desktop,Credit Card,12.4,90.3,In Progress,No,7,100.0,4.7,No,2026-07-30
STU00420,Luke Estrada,24.0,Female,Canada,CRS182,IT & Software Masterclass Beginner,IT and Software,4576.24,2025-03-23,Mobile,UPI,29.5,84.7,In Progress,No,4,92.3,4.3,No,2025-12-23
STU01194,Kevin Morrow,25.0,Male,UK,CRS185,Digital Marketing Masterclass Intermediate,Digital Marketing,1905.57,2026-03-08,Desktop,Debit Card,1.3,12.2,In Progress,No,3,66.4,4.1,No,2026-07-19
STU01356,Jason Chaney,35.0,Male,India,CRS196,Cloud Computing Masterclass Advanced,cloud computing,6163.62,2025-06-30,Tablet,UPI,10.5,49.0,In Progress,No,3,95.8,4.8,No,2026-03-26
STU00029,Shane Henderson,43.0,Other,India,CRS172,Digital Marketing Masterclass Beginner,Digital Marketing,2684.28,2025-11-19,Desktop,Net Banking,4.2,19.9,In Progress,No,1,76.7,3.4,No,2026-05-04
STU00274,Timothy Combs,28.0,Female,USA,CRS141,IT & Software Masterclass Bootcamp,IT & Software,3888.62,2026-08-15,Desktop,Wallet,12.6,50.8,In Progress,No,3,86.5,3.3,No,2026-08-27
STU00881,Claudia Rodriguez,19.0,Female,UAE,CRS159,Data Science Masterclass Advanced,DataScience,3027.72,2025-06-29,Mobile,Credit Card,3.4,22.9,In Progress,No,1,62.2,4.3,No,2026-07-29
STU00361,Matthew Velez,29.0,Female,Germany,CRS169,Data Science Masterclass Bootcamp,DataScience,3371.18,2025-06-30,Tablet,Net Banking,0.8,12.8,In Progress,No,1,56.0,4.2,No,2026-09-01
STU00120,Melissa Brewer,15.0,Male,UAE,CRS145,Cloud Computing Masterclass Bootcamp,Cloud Computing,3866.26,2026-03-26,Mobile,UPI,28.9,100.0,Completed,Yes,5,71.1,3.6,No,2026-06-19
STU01484,Anthony Flynn,28.0,Other,Singapore,CRS157,Graphic Design Masterclass Intermediate,Graphic Design,2644.73,2025-12-20,Tablet,Wallet,8.9,53.5,In Progress,No,7,57.5,3.7,No,2026-07-22
STU01142,Rachel Miller,37.0,Male,India,CRS172,Digital Marketing Masterclass Advanced,digital marketing,1014.67,2026-07-21,Desktop,UPI,7.2,26.2,In Progress,No,1,88.6,3.4,No,2026-08-22
STU00540,Douglas Kirk,20.0,Other,India,CRS141,Cloud Computing Masterclass Bootcamp,cloud computing,6038.51,2026-07-25,Desktop,Debit Card,2.8,20.4,In Progress,No,2,64.2,3.8,Yes,2026-07-28
STU01103,Christopher Williams,25.0,Male,USA,CRS162,Personal Development Masterclass Bootcamp,Personal Development,817.28,2025-04-11,Mobile,UPI,8.3,48.5,In Progress,No,1,87.1,3.2,No,2026-04-14
STU00521,Patricia Smith,21.0,Other,UK,CRS168,Digital Marketing Masterclass Intermediate,digital marketing,2099.77,2026-03-07,Desktop,Wallet,18.6,100.0,Completed,Yes,5,86.0,4.6,No,2026-08-02
STU00542,Kevin Snyder,35.0,Male,Canada,CRS192,Personal Development Masterclass Intermediate,Personal Development,1033.29,2025-08-23,Mobile,Wallet,6.0,32.6,In Progress,No,2,87.4,3.4,No,2026-04-23
STU00646,Joseph Glover,24.0,Female,India,CRS110,Business & Finance Masterclass Intermediate,Business & Finance,1819.48,2025-06-25,Mobile,Credit Card,8.4,26.5,In Progress,No,0,,4.0,No,2026-05-17
STU01309,Ryan Camacho Jr.,41.0,Female,India,CRS104,Cloud Computing Masterclass Bootcamp,cloud computing,3454.4,2026-03-20,Desktop,Wallet,3.2,14.0,In Progress,No,0,,3.7,No,2026-06-16
STU00108,Alexander Collins,19.0,Female,UAE,CRS148,Personal Development Masterclass Advanced,Personal Development,1520.34,2026-05-16,Mobile,Net Banking,15.0,99.6,Completed,Yes,6,83.6,4.6,No,2026-09-13
STU01370,Jennifer Ortiz,20.0,Other,,CRS191,Cloud Computing Masterclass Bootcamp,cloud computing,4914.43,2025-10-23,Desktop,Credit Card,10.4,55.0,In Progress,No,6,85.5,2.7,No,2026-01-06
STU00007,Valerie Gray,33.0,Other,UAE,CRS134,Business & Finance Masterclass Bootcamp,Business & Finance,1222.13,2026-05-10,Mobile,UPI,17.1,58.5,In Progress,No,1,89.9,4.6,No,2026-08-13
STU01298,Teresa Coffey DDS,27.0,Other,UK,CRS113,Personal Development Masterclass Advanced,Personal Development,1484.21,2025-07-18,Desktop,Credit Card,18.7,87.9,In Progress,No,5,100.0,5.0,No,2026-08-09
STU00663,Gail Barron,30.0,Female,UAE,CRS100,Cloud Computing Masterclass Bootcamp,cloud computing,2079.19,2025-08-16,Desktop,Credit Card,5.7,30.2,In Progress,No,2,42.5,3.8,No,2026-06-01
STU01390,Sandra Miller,15.0,Female,Singapore,CRS155,Cloud Computing Masterclass Beginner,cloud computing,5023.55,2025-09-21,Mobile,Net Banking,36.1,100.0,Completed,Yes,7,82.6,4.1,No,2025-10-26
STU00147,Michael Roberts,39.0,Other,Nigeria,CRS118,IT & Software Masterclass Advanced,IT and Software,4492.29,2026-02-28,Desktop,Debit Card,14.8,70.9,In Progress,No,5,86.1,4.2,No,2026-08-20
STU00235,Albert Morse,15.0,Male,Philippines,CRS198,Web Development Masterclass Beginner,web dev,3695.2,2025-04-25,Mobile,UPI,18.6,88.0,In Progress,No,2,71.2,4.4,No,2026-07-09
STU01114,Jonathan Clements,25.0,Male,Nigeria,CRS147,Graphic Design Masterclass Advanced,graphic design,2525.86,2026-01-28,Tablet,Wallet,6.4,41.3,In Progress,No,2,86.0,4.0,No,2026-02-05
STU00334,Diana Hays,33.0,Male,Singapore,CRS195,Web Development Masterclass Beginner,Web Development,3342.89,2025-04-26,Mobile,UPI,5.1,24.9,In Progress,No,2,57.2,3.2,No,2026-01-08
STU01161,William Franco,36.0,Male,USA,CRS193,Personal Development Masterclass Advanced,Personal Development,1167.94,2026-07-09,Mobile,Credit Card,6.2,46.7,In Progress,No,2,70.5,3.7,No,2026-08-28
STU00309,Allison Spencer,19.0,Female,Canada,CRS175,Business & Finance Masterclass Intermediate,Business & Finance,1356.13,2025-06-30,Desktop,,26.9,100.0,Completed,Yes,5,84.2,4.8,No,2025-08-30
STU01475,Kevin Cannon,30.0,Male,Philippines,CRS163,Digital Marketing Masterclass Intermediate,Digital Marketing,1209.88,2025-05-17,Desktop,Debit Card,16.0,100.0,Completed,No,7,94.6,3.9,No,2025-10-06
STU00013,Melinda Cameron,44.0,Other,Singapore,CRS155,Data Science Masterclass Beginner,data science,1731.65,2026-08-12,Desktop,UPI,14.2,52.4,In Progress,No,3,89.2,4.2,No,2026-09-04
STU00130,Jennifer Jones,31.0,Male,USA,CRS112,Personal Development Masterclass Bootcamp,Personal Development,1310.02,2026-07-18,Desktop,Net Banking,12.8,67.4,In Progress,No,7,79.6,3.6,No,2026-08-16
STU00777,Sandy Baker,19.0,Female,India,CRS196,Graphic Design Masterclass Bootcamp,Graphic Design,2207.67,2026-03-17,Tablet,UPI,5.4,16.6,In Progress,No,0,,2.9,No,2026-06-21
STU00601,Isaac Patterson,20.0,Female,UK,CRS178,Personal Development Masterclass Advanced,Personal Development,1123.66,2026-01-08,Tablet,UPI,27.8,93.7,In Progress,No,6,80.6,4.0,No,2026-08-08
STU00629,Michele Hill,25.0,Other,Canada,CRS181,IT & Software Masterclass Bootcamp,IT & Software,4376.09,2025-07-25,Mobile,Debit Card,32.6,100.0,Completed,Yes,3,85.3,4.5,No,2026-02-01
STU00153,Juan Tran,19.0,Male,UAE,CRS122,Data Science Masterclass Bootcamp,Data Science,2875.22,2026-01-27,,Credit Card,4.9,7.8,Not Started,No,1,49.5,,No,2026-03-23
STU01394,Cameron Dawson,,Other,UK,CRS133,IT & Software Masterclass Bootcamp,IT and Software,4635.84,2026-08-04,Mobile,UPI,12.4,44.5,In Progress,No,2,76.2,3.7,No,2026-09-10
STU00373,Bryan Parker,20.0,Male,Nigeria,CRS116,Web Development Masterclass Bootcamp,Web Development,4031.82,2026-02-19,Mobile,,6.6,27.8,In Progress,No,1,67.7,3.9,No,2026-07-15
STU00064,Rita Keith,27.0,Female,Canada,CRS132,Graphic Design Masterclass Intermediate,graphic design,2301.16,2026-07-12,Desktop,Debit Card,6.7,41.1,In Progress,No,2,67.1,4.4,No,2026-09-08
STU00945,Robin Johnson,31.0,Other,Australia,CRS102,IT & Software Masterclass Intermediate,IT and Software,2008.23,2026-02-05,Desktop,Net Banking,5.2,11.8,In Progress,No,0,,3.6,No,2026-08-21
STU00209,Victor Brown,31.0,Male,USA,CRS192,Business & Finance Masterclass Bootcamp,Business & Finance,1898.7,2026-06-10,Desktop,Net Banking,10.0,46.0,In Progress,No,1,72.3,3.3,No,2026-08-01
STU01035,Robert Wise,23.0,Other,UAE,CRS155,Graphic Design Masterclass Beginner,graphic design,1900.44,2026-07-26,Mobile,Wallet,3.4,18.2,In Progress,No,0,,3.3,No,2026-07-29
STU00581,Shannon Yu,15.0,Other,India,CRS160,Graphic Design Masterclass Intermediate,graphic design,1009.65,2026-07-06,Mobile,Net Banking,22.2,100.0,Completed,Yes,9,83.7,4.9,No,2026-09-01
STU00387,Sergio Knox,21.0,Other,India,CRS139,Cloud Computing Masterclass Intermediate,cloud computing,3167.84,2025-10-22,Desktop,,1.6,10.6,In Progress,No,0,,1.9,Yes,2026-09-15
STU00713,Shannon Joseph,31.0,Other,UK,CRS128,Data Science Masterclass Intermediate,DataScience,4426.34,2026-04-09,Mobile,Net Banking,4.0,8.6,Not Started,No,0,,,No,2026-05-27
STU00159,Yvonne Burns,18.0,Male,India,CRS169,Graphic Design Masterclass Intermediate,Graphic Design,980.31,2025-08-12,Mobile,Credit Card,0.2,0.8,Not Started,No,0,,,No,2025-12-10
STU00437,Willie Henry,30.0,Other,India,CRS169,Digital Marketing Masterclass Advanced,Digital Marketing,2056.64,2026-04-22,Desktop,UPI,9.6,41.2,In Progress,No,4,60.1,2.3,No,2026-04-26
STU00841,Kelly Le,25.0,Male,UK,CRS103,Business & Finance Masterclass Intermediate,Business and Finance,2803.08,2025-12-02,Mobile,UPI,2.8,20.5,In Progress,No,2,74.5,3.2,No,2026-09-16
STU01471,Amanda Robinson,35.0,Other,India,CRS135,IT & Software Masterclass Bootcamp,IT and Software,3544.64,2025-06-10,Desktop,Credit Card,4.2,24.2,In Progress,No,4,77.1,4.1,No,2026-01-07
STU00949,Charles Weaver,21.0,Female,Canada,CRS153,Digital Marketing Masterclass Advanced,digital marketing,2970.95,2025-09-05,Desktop,Wallet,5.4,32.8,In Progress,No,3,58.8,4.1,No,2026-03-28
STU00145,Catherine Richards,20.0,Female,UAE,CRS110,IT & Software Masterclass Beginner,IT and Software,2898.81,2025-11-17,Mobile,Wallet,16.2,85.4,In Progress,No,4,89.4,5.0,No,2026-06-03
STU00966,Kristin Black,34.0,Male,UAE,CRS153,Business & Finance Masterclass Beginner,Business and Finance,1240.1,2025-12-12,Mobile,Credit Card,2.9,18.2,In Progress,No,3,87.1,3.7,No,2026-04-01
STU01434,Ronnie Powers,31.0,Male,Germany,CRS123,Business & Finance Masterclass Bootcamp,Business and Finance,3002.59,2026-02-17,Desktop,Wallet,16.9,100.0,Completed,Yes,7,71.0,5.0,No,2026-03-05
STU00077,Jason Bentley,15.0,Female,India,CRS105,Business & Finance Masterclass Intermediate,Business & Finance,2900.43,2025-10-13,Mobile,Wallet,5.9,19.5,In Progress,No,2,49.3,3.6,No,2026-01-21
STU01418,Antonio Marshall,30.0,Other,India,CRS153,Cloud Computing Masterclass Advanced,cloud computing,4033.71,2026-04-11,Mobile,Credit Card,16.2,75.8,In Progress,No,3,77.3,3.8,No,2026-06-11
STU01171,Martin Silva,29.0,Female,USA,CRS142,Business & Finance Masterclass Bootcamp,Business and Finance,1572.24,2025-11-04,Mobile,UPI,18.1,92.5,In Progress,No,11,85.7,5.0,No,2025-12-03
STU00917,Susan Larson,31.0,Other,Singapore,CRS145,IT & Software Masterclass Intermediate,IT and Software,4254.52,2026-05-19,Mobile,Credit Card,25.6,95.1,Completed,Yes,4,83.7,5.0,No,2026-08-11
STU00790,Kevin Hall,34.0,Female,,CRS187,Digital Marketing Masterclass Beginner,digital marketing,1474.95,2026-03-28,Mobile,Net Banking,15.9,97.4,Completed,Yes,5,91.0,4.9,No,2026-05-26
STU00649,Michael Rogers,16.0,Other,Nigeria,CRS190,Business & Finance Masterclass Bootcamp,Business and Finance,3418.29,2026-05-10,Tablet,Debit Card,24.1,89.1,In Progress,No,3,78.0,4.9,No,2026-08-17
STU00262,Sandy Stephenson,23.0,Male,Nigeria,CRS196,Business & Finance Masterclass Beginner,Business and Finance,3367.88,2026-05-29,Mobile,Debit Card,14.9,76.4,In Progress,No,5,93.1,2.9,No,2026-06-09
STU00560,Mark Newman,29.0,Other,Germany,CRS173,Digital Marketing Masterclass Beginner,Digital Marketing,1100.31,2025-05-25,Mobile,Net Banking,13.6,76.0,In Progress,No,3,74.4,4.8,No,2026-06-25
STU01022,Kim Beltran,16.0,Other,USA,CRS194,Graphic Design Masterclass Beginner,Graphic Design,2634.93,2026-05-15,Mobile,UPI,3.8,19.8,In Progress,No,1,70.3,4.3,No,2026-08-12
STU01358,Stephanie Johnson,19.0,Other,Germany,CRS177,Data Science Masterclass Advanced,Data Science,5526.16,2025-09-19,Tablet,Net Banking,28.8,100.0,Completed,Yes,8,100.0,4.1,No,2025-11-15
STU00215,Jason Davis,23.0,Male,Nigeria,CRS188,Business & Finance Masterclass Advanced,Business and Finance,1940.04,2025-07-15,Tablet,UPI,12.2,70.0,In Progress,No,6,96.1,4.6,No,2025-12-07
STU00286,Carrie Maxwell,15.0,Female,India,CRS184,IT & Software Masterclass Bootcamp,IT and Software,1707.96,2025-04-10,Mobile,Debit Card,21.3,80.0,In Progress,No,9,79.2,4.4,No,2026-01-22
STU01005,Nicole Thornton,22.0,Male,Nigeria,CRS156,Graphic Design Masterclass Advanced,Graphic Design,2389.23,2025-10-06,Mobile,UPI,5.9,23.5,In Progress,No,0,,4.3,No,2026-04-30
STU00867,Jay Allen,35.0,Other,Nigeria,CRS100,Digital Marketing Masterclass Intermediate,digital marketing,2361.77,2025-10-06,Tablet,Wallet,9.1,39.7,In Progress,No,3,69.8,2.3,No,2026-02-14
STU00645,Michael Armstrong,32.0,Other,India,CRS147,Business & Finance Masterclass Beginner,Business & Finance,3127.54,2025-10-21,Mobile,Wallet,18.7,100.0,Completed,Yes,9,72.7,4.1,No,2026-02-26
STU00580,Alex Willis,20.0,Male,India,CRS177,Business & Finance Masterclass Intermediate,Business & Finance,2555.2,2026-07-07,Mobile,,7.6,36.2,In Progress,No,3,54.3,3.6,No,2026-09-06
STU01255,Ronald Brown,23.0,Female,USA,CRS154,Web Development Masterclass Intermediate,Web Dev,2659.81,2025-08-21,Mobile,Wallet,19.0,100.0,Completed,Yes,2,96.6,4.3,No,2026-02-08
STU00337,Gary Wells,37.0,Male,Nigeria,CRS113,Business & Finance Masterclass Intermediate,Business & Finance,3339.46,2025-12-02,Mobile,Wallet,5.7,11.4,In Progress,No,0,,2.7,No,2025-12-15
STU00520,Laura Diaz,24.0,Female,UAE,CRS170,Data Science Masterclass Advanced,DataScience,3282.25,2026-07-14,Mobile,Wallet,7.6,37.2,In Progress,No,5,67.2,2.6,No,2026-07-22
STU01247,George Jones,30.0,Other,India,CRS177,Graphic Design Masterclass Intermediate,graphic design,1000.92,2025-05-05,Tablet,Wallet,5.4,35.8,In Progress,No,3,54.4,3.0,No,2026-07-01
STU00003,Cristian Santos,37.0,Other,India,CRS143,Graphic Design Masterclass Bootcamp,graphic design,1119.31,2025-07-10,Desktop,Debit Card,8.4,42.6,In Progress,No,2,74.9,3.3,No,2026-02-14
STU01220,Timothy Levine,35.0,Male,India,CRS140,Data Science Masterclass Intermediate,Data  Science,4885.4,2025-10-12,Mobile,Debit Card,8.1,16.5,In Progress,No,1,88.4,1.8,No,2026-05-01
STU00940,William Garcia,33.0,Other,India,CRS141,Graphic Design Masterclass Beginner,graphic design,744.44,2026-02-17,Mobile,Net Banking,4.5,19.4,In Progress,No,1,60.5,2.7,No,2026-04-07
STU00586,Tiffany Fry,25.0,Other,Australia,CRS150,Data Science Masterclass Bootcamp,Data  Science,2856.55,2026-03-09,Tablet,Debit Card,,48.5,In Progress,No,1,78.8,3.1,No,2026-04-02
STU01432,Megan Gutierrez,27.0,Male,India,CRS141,Data Science Masterclass Intermediate,Data Science,3520.17,2025-03-20,Desktop,Debit Card,18.6,77.7,In Progress,No,2,86.3,4.4,No,2025-12-05
STU00330,Harry Williams,22.0,Female,India,CRS172,Business & Finance Masterclass Advanced,Business and Finance,3296.09,2025-12-05,Mobile,UPI,15.3,59.6,In Progress,No,5,96.9,4.8,No,2026-09-08
STU00117,Allen Rosales,19.0,Male,Nigeria,CRS130,Web Development Masterclass Intermediate,web dev,3703.76,2025-11-14,Mobile,Net Banking,16.1,55.8,In Progress,No,4,79.7,4.0,No,2026-05-20
STU01165,Jennifer Porter,44.0,Female,India,CRS190,Graphic Design Masterclass Advanced,graphic design,1890.0,2025-06-11,Desktop,UPI,15.5,77.9,In Progress,No,7,76.0,4.0,No,2025-10-28
STU01362,Jim Skinner,19.0,Female,India,CRS187,Digital Marketing Masterclass Bootcamp,Digital Marketing,983.63,2026-03-19,Desktop,Net Banking,29.3,86.1,In Progress,No,6,86.3,3.8,No,2026-09-04
STU01055,Angela Schultz,16.0,Other,India,CRS128,Digital Marketing Masterclass Bootcamp,digital marketing,1000.75,2025-11-18,Tablet,Credit Card,414.0,87.7,In Progress,No,5,83.6,3.9,No,2026-07-01
STU00548,Jacqueline Villegas,20.0,Female,India,CRS192,Data Science Masterclass Beginner,data science,5436.36,2026-06-25,Mobile,Wallet,11.4,52.5,In Progress,No,3,68.0,3.6,No,2026-08-08
STU00804,Nancy Wyatt,25.0,Male,UAE,CRS107,IT & Software Masterclass Intermediate,IT & Software,1887.81,2025-08-24,Desktop,UPI,4.1,35.9,In Progress,No,1,71.4,3.3,No,2026-01-05
STU01178,Brenda Matthews,24.0,Male,Australia,CRS175,Cloud Computing Masterclass Advanced,Cloud Computing,2309.88,2026-08-02,Mobile,Credit Card,10.2,39.6,In Progress,No,4,83.8,2.7,No,2026-08-21
STU00483,Carol Ellis,28.0,Female,USA,CRS169,Personal Development Masterclass Intermediate,Personal Development,739.5,2025-08-17,Mobile,Credit Card,14.5,73.3,In Progress,No,7,78.6,5.0,No,2025-12-04
STU01100,Mary Ellis,27.0,Other,Philippines,CRS171,Business & Finance Masterclass Beginner,Business & Finance,2119.79,2025-04-10,Mobile,Debit Card,13.8,62.0,In Progress,No,8,71.6,3.9,No,2025-06-11
STU00454,Tiffany Murray,26.0,Other,India,CRS184,Business & Finance Masterclass Advanced,Business & Finance,2433.6,2025-12-26,Desktop,Net Banking,11.9,64.3,In Progress,No,3,93.0,3.8,No,2026-06-25
STU01436,Alejandra Ford,28.0,Other,India,CRS114,IT & Software Masterclass Bootcamp,IT & Software,2911.22,2025-06-18,Mobile,Credit Card,29.6,100.0,Completed,Yes,3,72.2,4.6,No,2026-06-03
STU01071,Amanda Hardin,42.0,Female,UAE,CRS119,Cloud Computing Masterclass Advanced,Cloud Computing,2516.5,2026-03-04,Desktop,Credit Card,9.3,43.3,In Progress,No,4,68.7,3.7,No,2026-09-10
STU00961,Victoria Camacho,30.0,Female,Germany,CRS146,Data Science Masterclass Bootcamp,Data Science,3372.32,2026-04-14,Mobile,Credit Card,6.2,31.7,In Progress,No,1,70.9,3.2,No,2026-04-24
STU00154,Julia Wilson,15.0,Female,UK,CRS152,Graphic Design Masterclass Bootcamp,graphic design,2160.8,2025-05-06,Desktop,UPI,22.0,95.4,Completed,Yes,7,96.4,4.8,No,2026-09-14
STU01354,Rebecca Richard,19.0,Female,Nigeria,CRS119,IT & Software Masterclass Bootcamp,IT and Software,3644.23,2026-03-01,Mobile,UPI,23.4,100.0,Completed,Yes,12,77.5,4.3,No,2026-07-26
STU00311,Kelly Hammond,30.0,Male,Germany,CRS138,Graphic Design Masterclass Bootcamp,Graphic Design,1702.44,2025-08-25,Mobile,UPI,3.0,2.6,Not Started,No,0,,,No,2026-09-17
STU00384,Gregory Brown,29.0,Male,USA,CRS160,Web Development Masterclass Beginner,Web Dev,2836.04,2026-04-08,Desktop,Debit Card,11.4,55.3,In Progress,No,3,78.2,4.6,No,2026-07-11
STU00129,Cody Williams,15.0,Female,UK,CRS183,Personal Development Masterclass Advanced,Personal Development,619.13,2026-01-09,Mobile,Credit Card,15.0,82.1,In Progress,No,3,72.9,3.9,No,2026-05-07
STU00931,Christina Brooks,27.0,Other,India,CRS199,Cloud Computing Masterclass Bootcamp,cloud computing,4970.52,2025-06-02,Mobile,Credit Card,18.8,93.6,In Progress,No,11,100.0,4.6,No,2025-06-23
STU00611,Barbara Todd,32.0,Female,UAE,CRS114,Graphic Design Masterclass Advanced,graphic design,2093.96,2026-05-06,Mobile,Wallet,12.9,52.1,In Progress,No,4,83.7,2.5,No,2026-08-05
STU00288,Andrew Gonzalez,22.0,Other,Australia,CRS168,Graphic Design Masterclass Advanced,Graphic Design,1685.13,2026-04-24,Mobile,Credit Card,5.5,18.8,In Progress,No,1,63.2,2.7,No,2026-06-30
STU00501,Michael Williams,33.0,Male,Nigeria,CRS169,Digital Marketing Masterclass Beginner,Digital Marketing,1262.26,2026-01-05,Desktop,Net Banking,1.8,14.3,In Progress,No,0,,3.6,Yes,2026-05-09
STU00041,James Brown,30.0,Other,India,CRS158,Business & Finance Masterclass Intermediate,Business and Finance,1487.85,2025-06-12,Desktop,Net Banking,19.6,87.6,In Progress,No,4,100.0,5.0,No,2026-01-22
STU00317,Eric Ferguson,27.0,Female,India,CRS169,Data Science Masterclass Advanced,data science,3440.86,2026-02-10,Desktop,Wallet,16.8,78.3,In Progress,No,6,98.8,3.8,No,2026-06-11
STU00720,Melissa Phillips,15.0,Female,Canada,CRS190,Web Development Masterclass Beginner,web dev,1485.36,2025-08-14,Mobile,Debit Card,8.8,49.7,In Progress,No,8,80.2,3.9,No,2025-11-22
STU00357,Laurie Sanchez,29.0,Other,Germany,CRS173,Personal Development Masterclass Advanced,Personal Development,713.83,2026-03-13,Mobile,Credit Card,11.0,63.5,In Progress,No,0,,4.0,No,2026-04-07
STU00178,Kenneth Andrews,25.0,Male,USA,CRS110,Personal Development Masterclass Advanced,Personal Development,563.04,2025-10-03,Mobile,Wallet,4.3,16.7,In Progress,No,1,73.4,3.4,No,2026-03-21
STU00124,Joshua Gill,30.0,Male,Canada,CRS130,Business & Finance Masterclass Intermediate,Business and Finance,2575.49,2025-05-20,Mobile,Credit Card,6.0,30.0,In Progress,No,2,73.7,4.3,No,2025-08-21
STU00125,Dr. William Warren,27.0,Female,India,CRS108,Data Science Masterclass Intermediate,DataScience,5781.32,2025-06-22,Desktop,Wallet,7.0,27.3,In Progress,No,1,70.9,2.6,No,2025-09-28
STU01344,Keith Bass,,Male,USA,CRS145,IT & Software Masterclass Bootcamp,IT & Software,1563.78,2026-06-06,Mobile,Credit Card,12.4,84.2,In Progress,No,3,86.7,5.0,No,2026-08-05
STU00293,Rebecca Acosta,33.0,Male,India,CRS145,Cloud Computing Masterclass Advanced,Cloud Computing,4034.02,2025-12-01,Desktop,Wallet,7.4,39.6,In Progress,No,1,69.6,4.7,No,2026-08-26
STU00784,Kenneth Martin,21.0,Female,USA,CRS173,Graphic Design Masterclass Beginner,Graphic Design,799.79,2026-05-23,Mobile,Net Banking,199.20000000000002,92.2,In Progress,No,7,58.6,4.4,No,2026-05-25
STU01328,Carl Leach,30.0,Male,Philippines,CRS158,Digital Marketing Masterclass Advanced,digital marketing,2711.9,2026-07-01,Mobile,Debit Card,3.2,24.1,In Progress,No,3,49.4,3.8,No,2026-08-07
STU00432,Michelle Sanders,15.0,Other,Singapore,CRS197,Personal Development Masterclass Advanced,Personal Development,918.51,2026-07-29,Mobile,Wallet,15.5,90.5,In Progress,No,5,84.9,4.3,No,2026-08-27
STU00531,Patricia Johnson,20.0,Male,India,CRS123,IT & Software Masterclass Beginner,IT & Software,1711.74,2026-04-26,Desktop,Credit Card,25.3,92.1,In Progress,No,6,76.8,4.3,No,2026-06-03
STU01008,Jill Johnson,27.0,Male,Germany,CRS148,IT & Software Masterclass Advanced,IT & Software,4868.84,2026-04-28,Mobile,Wallet,3.6,29.1,In Progress,No,1,64.7,3.1,No,2026-08-17
STU01357,Albert Ibarra,27.0,Male,India,CRS155,Cloud Computing Masterclass Bootcamp,cloud computing,2685.31,2025-08-22,Desktop,Wallet,18.3,83.5,In Progress,No,4,75.6,4.7,No,2025-11-12
STU01058,Andrew Livingston,27.0,Male,Germany,CRS111,Digital Marketing Masterclass Bootcamp,digital marketing,2104.83,2026-07-28,Mobile,Debit Card,3.5,19.4,In Progress,No,0,,2.9,No,2026-09-07
STU01352,Sarah Sandoval,34.0,Female,UK,CRS128,Business & Finance Masterclass Advanced,Business & Finance,2064.75,2026-07-01,Tablet,UPI,15.5,55.1,In Progress,No,0,,4.3,No,2026-07-27
STU01051,Joshua Richardson,18.0,Other,India,CRS175,Personal Development Masterclass Bootcamp,Personal Development,1971.99,2025-07-19,Mobile,Debit Card,17.4,91.0,In Progress,No,5,76.4,4.9,No,2026-02-17
STU01283,Sarah Jennings,24.0,Female,UK,CRS148,Web Development Masterclass Intermediate,Web Development,3260.25,2026-08-02,Mobile,Wallet,11.0,49.8,In Progress,No,2,88.3,3.5,No,2026-09-10
STU00619,John Lynch,15.0,Male,,CRS106,IT & Software Masterclass Bootcamp,IT & Software,1788.92,2025-09-12,Mobile,Credit Card,15.3,64.2,In Progress,No,4,93.4,4.3,No,2026-02-11
STU00496,Jose Ramirez,35.0,Other,USA,CRS158,Cloud Computing Masterclass Bootcamp,cloud computing,6945.63,2026-02-09,Mobile,UPI,18.4,90.5,In Progress,No,1,83.7,5.0,No,2026-08-22
STU00625,Daniel Holloway,26.0,Female,UK,CRS161,Business & Finance Masterclass Bootcamp,Business and Finance,2627.16,2025-10-20,Mobile,Debit Card,3.5,18.7,In Progress,No,1,77.2,3.4,No,2026-05-22
STU01341,Mark Tyler,99.0,Male,India,CRS178,Web Development Masterclass Intermediate,Web Development ,1310.15,2026-02-17,Tablet,Wallet,22.3,97.4,Completed,Yes,5,88.0,4.6,No,2026-07-05
STU01036,Ann Montoya,21.0,Female,India,CRS165,Business & Finance Masterclass Advanced,Business & Finance,1675.18,2025-09-30,Mobile,Wallet,19.7,76.1,In Progress,No,5,83.6,4.1,No,2026-03-23
STU00196,Patrick Moore,40.0,Other,Canada,CRS138,Graphic Design Masterclass Bootcamp,graphic design,995.16,2026-04-07,Mobile,Wallet,6.8,29.8,In Progress,No,2,65.3,3.4,No,2026-09-09
STU01203,Raymond Todd,38.0,Other,India,CRS147,Web Development Masterclass Beginner,Web Development,1732.15,2026-03-11,Mobile,,8.6,38.6,In Progress,No,0,,2.7,No,2026-08-07
STU01251,Laura Lewis,30.0,Male,USA,CRS143,Personal Development Masterclass Advanced,Personal Development,1432.82,2025-03-28,Desktop,UPI,17.3,61.3,In Progress,No,1,72.9,3.7,No,2026-04-11
STU01464,Jeffrey Moyer,25.0,Other,Philippines,CRS127,Cloud Computing Masterclass Intermediate,Cloud Computing,2785.81,2026-05-05,Mobile,Debit Card,2.7,9.1,Not Started,No,1,69.0,,No,2026-05-13
STU01129,Margaret Carr,19.0,Female,India,CRS174,Business & Finance Masterclass Beginner,Business & Finance,3794.08,2026-06-20,Mobile,Credit Card,13.2,63.5,In Progress,No,3,70.5,3.6,No,2026-08-13
STU00258,Robin Santiago,28.0,Male,USA,CRS189,Business & Finance Masterclass Bootcamp,Business & Finance,2615.0,2025-08-26,Mobile,Wallet,17.2,79.2,In Progress,No,7,77.6,4.5,No,2026-01-19
STU00968,Louis Brown,22.0,Male,India,CRS152,Cloud Computing Masterclass Intermediate,cloud computing,5745.58,2026-05-20,Desktop,Debit Card,9.3,24.9,In Progress,No,1,63.9,3.5,No,2026-07-14
STU00523,Jennifer Miles,26.0,Male,UK,CRS160,Business & Finance Masterclass Beginner,Business & Finance,1795.69,2025-12-05,Desktop,Debit Card,7.6,28.3,In Progress,No,8,71.5,3.5,No,2026-06-03
STU00838,Kenneth Perez,33.0,Other,Germany,CRS101,Personal Development Masterclass Bootcamp,Personal Development,1197.18,2025-08-10,Desktop,UPI,10.0,63.4,In Progress,No,8,79.0,4.5,No,2025-10-21
STU01425,Sara James,25.0,Female,India,CRS148,IT & Software Masterclass Beginner,IT & Software,5039.65,2026-07-14,Desktop,Net Banking,6.0,25.4,In Progress,No,0,,3.3,No,2026-08-14
STU00263,Bonnie Bennett,17.0,Male,UK,CRS169,Web Development Masterclass Advanced,Web Dev,4463.5,2025-04-07,Desktop,Net Banking,10.1,57.3,In Progress,No,4,78.4,4.2,No,2025-10-02
STU00680,Mary Jackson,26.0,Male,India,CRS120,Business & Finance Masterclass Beginner,Business & Finance,1143.87,2026-04-14,Mobile,Net Banking,13.2,77.5,In Progress,No,3,72.0,4.0,No,2026-04-21
STU01454,Pamela Garrett,23.0,Other,Singapore,CRS142,Personal Development Masterclass Bootcamp,Personal Development,1538.67,2026-07-19,Mobile,Debit Card,5.9,14.7,In Progress,No,0,,2.7,No,2026-09-04
STU00913,Kristie Howe,18.0,Other,UAE,CRS177,Business & Finance Masterclass Advanced,Business & Finance,2149.2,2026-03-10,Desktop,UPI,7.5,34.2,In Progress,No,2,70.2,3.3,No,2026-05-01
STU00482,Bradley Johnson DDS,19.0,Female,Australia,CRS197,Personal Development Masterclass Intermediate,Personal Development,858.5,2025-10-19,Mobile,Wallet,16.1,83.7,In Progress,No,4,75.9,4.1,No,2026-07-26
STU00481,Kathleen Cohen,28.0,Other,UK,CRS147,Cloud Computing Masterclass Intermediate,Cloud Computing,6829.18,2026-05-14,Mobile,Net Banking,14.2,63.5,In Progress,No,6,95.4,3.5,No,2026-09-13
STU00081,Jose Schultz,26.0,Female,Singapore,CRS139,Graphic Design Masterclass Bootcamp,Graphic Design,1953.37,2026-05-04,Mobile,Wallet,5.7,34.1,In Progress,No,0,,3.7,No,2026-05-27
STU01487,Kathleen Marshall,20.0,Other,Canada,CRS125,IT & Software Masterclass Bootcamp,IT and Software,3847.07,2026-04-11,Mobile,Debit Card,7.2,22.6,In Progress,No,3,79.4,3.6,No,2026-07-23
STU00016,Derek Wright,20.0,Female,India,CRS110,Web Development Masterclass Advanced,Web Development ,2669.59,2025-10-09,Mobile,Wallet,5.1,29.8,In Progress,No,3,87.3,5.0,No,2026-08-19
STU01272,Ellen Mullen,26.0,Female,UK,CRS198,Data Science Masterclass Advanced,Data  Science,4973.95,2026-04-30,Desktop,Net Banking,7.6,21.8,In Progress,No,0,,3.7,No,2026-06-02
STU00788,Ronald Burke,33.0,Male,Nigeria,CRS163,Graphic Design Masterclass Intermediate,graphic design,1670.89,2026-08-14,Desktop,UPI,17.1,69.5,In Progress,No,4,83.9,4.3,No,2026-09-13
STU00943,Gregory Bell,20.0,Male,USA,CRS113,Data Science Masterclass Beginner,data science,4362.18,2025-09-07,Desktop,Net Banking,7.1,54.3,In Progress,No,3,79.4,3.4,No,2026-02-01
STU00911,Wendy Turner,27.0,Male,India,CRS164,Digital Marketing Masterclass Bootcamp,Digital Marketing,2073.96,2026-08-09,Mobile,Credit Card,15.1,61.6,In Progress,No,2,55.1,3.8,No,2026-09-01
STU00066,Richard Rodriguez,28.0,Male,UK,CRS187,Personal Development Masterclass Intermediate,Personal Development,1417.18,2026-06-08,Desktop,Debit Card,47.6,100.0,Completed,Yes,10,92.1,4.5,No,2026-08-29
STU01389,Kevin Carson,24.0,Female,India,CRS114,Business & Finance Masterclass Intermediate,Business & Finance,3071.18,2025-12-12,Desktop,UPI,12.3,57.5,In Progress,No,4,90.7,3.9,No,2026-02-19
STU00793,Autumn Olson,27.0,Female,UK,CRS171,Data Science Masterclass Beginner,Data Science,1567.33,2025-04-08,Mobile,Net Banking,1.8,31.6,In Progress,No,5,77.6,3.7,No,2026-05-26
STU00513,Angelica Garcia,31.0,Female,Canada,CRS148,Business & Finance Masterclass Advanced,Business and Finance,1244.42,2025-10-17,Mobile,Net Banking,4.6,9.1,Not Started,No,0,,,No,2026-06-04
STU00427,Juan Brown,15.0,Other,India,CRS113,Web Development Masterclass Beginner,Web Development,4535.45,2026-04-15,Mobile,UPI,24.1,100.0,Completed,Yes,6,100.0,4.3,No,2026-04-29
STU00059,Adam Jones,32.0,Female,USA,CRS151,Cloud Computing Masterclass Intermediate,Cloud Computing,5407.51,2026-04-06,Mobile,UPI,14.7,92.5,In Progress,No,8,84.5,4.3,No,2026-07-06
STU00397,Erica Turner,30.0,Other,India,CRS106,Cloud Computing Masterclass Intermediate,Cloud Computing,2808.47,2025-08-30,Desktop,Wallet,,42.2,In Progress,No,4,63.8,3.0,No,2026-04-16
STU00089,Sandra Kelley,26.0,Female,India,CRS142,Cloud Computing Masterclass Beginner,cloud computing,3921.63,2026-01-29,Mobile,Credit Card,11.9,80.1,In Progress,No,8,78.5,3.3,No,2026-07-14
STU00054,Matthew Mcmillan,36.0,Other,UAE,CRS199,Cloud Computing Masterclass Intermediate,cloud computing,4853.89,2025-03-23,Mobile,Debit Card,2.9,17.7,In Progress,No,0,,3.3,No,2026-06-10
STU00026,Sherry Decker,21.0,Male,USA,CRS158,Personal Development Masterclass Beginner,Personal Development,538.03,2025-09-02,Tablet,UPI,9.1,61.2,In Progress,No,2,87.6,4.1,No,2025-09-09
STU01263,Brian Navarro,23.0,Male,UK,CRS109,Web Development Masterclass Advanced,Web Dev,2887.8,2026-07-19,Mobile,Wallet,13.6,67.4,In Progress,No,5,83.9,3.5,No,2026-09-01
STU00255,Mary Escobar,36.0,Other,India,CRS179,Graphic Design Masterclass Beginner,graphic design,2039.15,2026-03-04,Mobile,Net Banking,17.6,73.5,In Progress,No,3,70.3,3.7,No,2026-04-29
STU00698,Jordan Clark,20.0,Female,India,CRS196,Graphic Design Masterclass Intermediate,Graphic Design,2209.07,2026-01-25,Mobile,Net Banking,9.1,49.0,In Progress,No,3,59.1,2.9,No,2026-06-20
STU00836,Louis Diaz,28.0,Male,Australia,CRS140,Data Science Masterclass Bootcamp,DataScience,3455.73,2025-12-27,Desktop,Wallet,17.5,99.8,Completed,Yes,6,78.4,5.0,No,2026-02-27
STU01285,Christina Perry,33.0,Female,USA,CRS180,Graphic Design Masterclass Bootcamp,Graphic Design,1499.19,2026-03-09,Mobile,UPI,10.6,60.5,In Progress,No,3,72.5,2.3,No,2026-08-15
STU00018,Ann Williams,28.0,Other,India,CRS166,Graphic Design Masterclass Intermediate,graphic design,1039.42,2025-07-10,Tablet,UPI,11.9,64.1,In Progress,No,2,79.9,3.2,No,2026-09-16
STU00537,Jennifer Morris,42.0,Male,India,CRS197,Digital Marketing Masterclass Advanced,Digital Marketing,1543.6,2025-12-29,Mobile,Wallet,13.4,54.1,In Progress,No,6,77.8,4.3,No,2026-08-26
STU00505,Steven Martin,23.0,Other,India,CRS133,Data Science Masterclass Beginner,data science,4103.54,2026-02-20,Desktop,UPI,24.2,89.8,In Progress,No,11,85.5,4.6,No,2026-04-13
STU00839,Jeffrey James,31.0,Female,Canada,CRS189,Digital Marketing Masterclass Bootcamp,digital marketing,912.65,2025-05-09,Desktop,Wallet,36.3,100.0,Completed,Yes,5,86.0,4.9,No,2025-09-20
STU00986,Anna Evans,35.0,Female,India,CRS177,Graphic Design Masterclass Bootcamp,Graphic Design,782.72,2025-11-09,Mobile,Debit Card,23.6,87.3,In Progress,No,7,70.1,5.0,No,2026-05-09
STU00351,William Evans,31.0,Male,India,CRS103,IT & Software Masterclass Intermediate,IT and Software,4189.0,2025-07-24,Mobile,UPI,11.0,63.3,In Progress,No,3,72.8,4.5,No,2026-03-15
STU00516,Sarah Barrett,15.0,Other,UK,CRS102,Cloud Computing Masterclass Advanced,Cloud Computing,4910.72,2026-01-27,Tablet,Net Banking,1.8,7.3,Not Started,No,1,51.3,,No,2026-07-28
STU00769,Reginald Diaz,28.0,Male,India,CRS122,Digital Marketing Masterclass Advanced,Digital Marketing,812.39,2025-12-24,Desktop,UPI,17.7,94.8,In Progress,No,3,74.7,4.1,No,2026-09-17
STU01310,Christopher Hicks,35.0,Other,Germany,CRS115,Data Science Masterclass Intermediate,Data Science,4668.45,2025-05-06,Desktop,,20.5,64.6,In Progress,No,3,59.1,4.6,No,2026-07-14
STU00097,Kimberly Morrison,27.0,Male,India,CRS184,IT & Software Masterclass Advanced,IT and Software,2883.53,2026-07-24,Mobile,,5.5,24.3,In Progress,No,1,74.4,4.3,No,2026-08-16
STU01009,Thomas Oconnor,23.0,Male,Nigeria,CRS109,Personal Development Masterclass Bootcamp,Personal Development,970.11,2025-11-23,Desktop,Debit Card,11.3,72.2,In Progress,No,3,90.2,4.5,No,2026-04-21
STU00444,Bradley Santana,28.0,Male,Australia,CRS166,Cloud Computing Masterclass Advanced,Cloud Computing,2049.14,2025-10-04,Mobile,Debit Card,7.6,58.2,In Progress,No,5,63.7,4.3,No,2026-01-13
STU00667,Dawn Nichols,35.0,Other,USA,CRS192,Cloud Computing Masterclass Beginner,Cloud Computing,2428.0,2026-02-18,Mobile,Credit Card,14.3,48.5,In Progress,No,3,91.8,3.8,No,2026-02-25
STU01132,Garrett Riley,19.0,Female,Singapore,CRS123,Graphic Design Masterclass Bootcamp,graphic design,832.97,2026-03-31,Desktop,Net Banking,10.5,60.8,In Progress,No,5,61.8,4.5,No,2026-08-03
STU01359,Barbara Walker,26.0,Male,India,CRS120,Web Development Masterclass Bootcamp,Web Development ,3642.73,2025-04-20,Mobile,UPI,18.0,73.8,In Progress,No,5,90.3,4.2,No,2025-11-28
STU01400,Bryan Bailey PhD,30.0,Other,UK,CRS147,Graphic Design Masterclass Advanced,graphic design,1743.44,2025-07-08,Mobile,Credit Card,37.6,95.3,Completed,Yes,2,99.9,4.4,No,2026-06-30
STU00138,Lori Guerrero,24.0,Female,India,CRS172,Personal Development Masterclass Bootcamp,Personal Development,682.08,2026-03-09,Mobile,UPI,6.0,32.6,In Progress,No,0,,3.6,No,2026-09-03
STU00250,Chris Brown,27.0,Female,USA,CRS192,IT & Software Masterclass Advanced,IT and Software,2217.46,2026-02-18,Desktop,Net Banking,5.2,17.9,In Progress,No,2,57.5,2.6,No,2026-04-27
STU00962,David Sullivan,33.0,Other,USA,CRS174,Digital Marketing Masterclass Advanced,Digital Marketing,1399.38,2025-11-27,Desktop,UPI,13.3,57.3,In Progress,No,9,73.5,2.7,No,2026-03-02
STU00352,Emily Bailey,28.0,Female,UK,CRS129,Digital Marketing Masterclass Intermediate,Digital Marketing,1643.07,2025-08-15,Mobile,Credit Card,7.9,18.2,In Progress,No,3,71.7,4.1,No,2025-11-05
STU00100,Justin Johnson,25.0,Female,Philippines,CRS112,Personal Development Masterclass Intermediate,Personal Development,819.66,2026-02-03,Mobile,Wallet,13.0,48.4,In Progress,No,6,92.0,4.0,No,2026-02-09
STU01150,Marc Marsh,23.0,Other,Germany,CRS147,Web Development Masterclass Advanced,Web Development,1690.57,2026-03-04,Mobile,Credit Card,3.5,7.5,Not Started,No,0,,,No,2026-06-17
STU00295,Lance Simmons,20.0,Female,India,CRS135,Personal Development Masterclass Bootcamp,Personal Development,774.26,2025-04-29,Desktop,Debit Card,5.4,26.7,In Progress,No,2,68.0,4.1,No,2026-03-30
STU01046,Brandy Jones,27.0,Male,India,CRS160,Graphic Design Masterclass Bootcamp,Graphic Design,2633.86,2025-06-06,Mobile,UPI,16.3,69.7,In Progress,No,0,,3.8,No,2026-09-16
STU00224,Christopher Park,24.0,Female,India,CRS182,Digital Marketing Masterclass Bootcamp,digital marketing,838.62,2026-07-12,Mobile,Debit Card,6.2,36.1,In Progress,No,2,90.8,4.1,No,2026-09-06
STU00155,Katrina Hill,32.0,Male,India,CRS192,Data Science Masterclass Advanced,data science,3742.15,2026-05-23,Desktop,Net Banking,6.3,26.1,In Progress,No,4,64.8,3.1,No,2026-07-20
STU00404,Tammy Boone,23.0,Other,Philippines,CRS124,IT & Software Masterclass Bootcamp,IT & Software,3889.25,2025-07-22,Mobile,Net Banking,6.1,8.8,Not Started,No,0,,,No,2025-10-16
STU00650,Elizabeth French,23.0,Male,UK,CRS186,Cloud Computing Masterclass Advanced,cloud computing,2503.76,2025-05-04,Mobile,UPI,31.6,100.0,Completed,Yes,8,92.5,3.3,No,2025-10-29
STU01082,Patricia Morris,35.0,Female,India,CRS122,Cloud Computing Masterclass Beginner,Cloud Computing,2941.97,2025-08-08,Mobile,Credit Card,12.3,72.5,In Progress,No,3,82.1,3.8,No,2026-01-28
STU00753,Kristen Peters,22.0,Other,UAE,CRS175,Cloud Computing Masterclass Bootcamp,cloud computing,3262.07,2026-03-31,Mobile,Net Banking,13.5,54.3,In Progress,No,3,63.6,3.3,No,2026-06-02
STU01075,Joshua Chambers,31.0,Female,India,CRS188,Cloud Computing Masterclass Intermediate,Cloud Computing,2087.83,2025-09-09,Desktop,Wallet,5.1,44.4,In Progress,No,4,79.9,3.2,No,2026-05-25
STU00933,Alexis Benson,28.0,Other,USA,CRS114,Personal Development Masterclass Advanced,Personal Development,914.11,2026-07-11,Mobile,Credit Card,7.3,23.8,In Progress,No,1,64.0,3.8,No,2026-09-08
STU01398,Elizabeth Tucker PhD,36.0,Male,Canada,CRS131,IT & Software Masterclass Intermediate,IT & Software,2977.91,2025-06-06,Mobile,,4.7,22.8,In Progress,No,0,,3.4,No,2025-11-27
STU01495,Ryan Hunt,22.0,Male,India,CRS154,IT & Software Masterclass Bootcamp,IT and Software,2598.98,2026-02-15,Desktop,,1.5,2.3,Not Started,No,0,,,No,2026-05-03
STU01112,Patricia Schwartz,15.0,Female,Nigeria,CRS174,Business & Finance Masterclass Beginner,Business & Finance,1410.64,2026-06-20,Desktop,Net Banking,5.3,31.9,In Progress,No,3,72.7,2.4,No,2026-07-27
STU00168,Nathan Malone,27.0,Other,UAE,CRS110,Business & Finance Masterclass Bootcamp,Business & Finance,2493.44,2026-06-06,Desktop,Net Banking,18.5,98.0,Completed,No,10,90.7,4.5,No,2026-07-15
STU00524,Diamond Collins,19.0,Female,India,CRS100,Cloud Computing Masterclass Bootcamp,cloud computing,2634.36,2025-04-30,Mobile,UPI,6.7,55.8,In Progress,No,0,,3.8,No,2026-01-26
STU00775,Terry Ward,36.0,Female,Germany,CRS177,Digital Marketing Masterclass Advanced,Digital Marketing,2618.8,2025-09-25,Desktop,Credit Card,10.1,47.1,In Progress,No,2,78.5,4.9,No,2025-10-10
STU01330,Brandon Guerrero,42.0,Other,India,CRS120,Personal Development Masterclass Beginner,Personal Development,1237.12,2025-04-11,Desktop,UPI,4.2,23.9,In Progress,No,0,,3.8,No,2025-06-06
STU00024,Lisa Hernandez,20.0,Male,India,CRS170,Digital Marketing Masterclass Bootcamp,Digital Marketing,1948.94,2026-06-12,Mobile,Credit Card,7.6,41.1,In Progress,No,1,58.0,5.0,No,2026-07-11
STU00597,Lisa Webb,37.0,Male,India,CRS158,Web Development Masterclass Bootcamp,Web Dev,1539.04,2026-06-26,Mobile,Wallet,1.8,24.1,In Progress,No,1,77.0,4.5,Yes,2026-07-03
STU00200,Jordan Bates,25.0,Male,India,CRS120,Digital Marketing Masterclass Beginner,digital marketing,1394.54,2025-06-25,Mobile,Wallet,6.8,16.5,In Progress,No,1,77.3,4.5,No,2025-08-18
STU00402,Michael Shaffer,38.0,Other,India,CRS144,Graphic Design Masterclass Beginner,graphic design,1153.67,2025-11-18,Desktop,Debit Card,9.3,56.3,In Progress,No,5,85.3,3.1,No,2026-08-03
STU00246,Anthony Romero,20.0,Female,Canada,CRS192,Business & Finance Masterclass Intermediate,Business & Finance,3595.89,2025-11-02,Tablet,UPI,8.0,21.3,In Progress,No,3,57.1,4.0,No,2026-02-06
STU01313,Michael Becker,15.0,Other,India,CRS125,Web Development Masterclass Intermediate,Web Development ,3262.11,2026-03-03,Mobile,Debit Card,23.0,95.6,Completed,Yes,7,79.8,3.8,No,2026-08-26
STU00884,Christopher Davis,32.0,Male,India,CRS155,Web Development Masterclass Intermediate,Web Development,3710.02,2026-01-21,Mobile,Credit Card,20.6,76.6,In Progress,No,7,60.1,4.6,No,2026-04-20
STU00852,Clinton Johnson,32.0,Other,USA,CRS105,Graphic Design Masterclass Intermediate,graphic design,1939.63,2026-01-16,Mobile,UPI,9.1,29.9,In Progress,No,5,80.7,3.2,No,2026-09-09
STU00144,Miss Debra Williams PhD,27.0,Other,Canada,CRS179,Personal Development Masterclass Bootcamp,Personal Development,1520.34,2026-01-10,Mobile,Net Banking,30.2,100.0,Completed,Yes,2,79.5,3.7,No,2026-09-05
STU00759,Katelyn Rivera,33.0,Other,Canada,CRS185,Cloud Computing Masterclass Beginner,cloud computing,3489.9,2025-04-22,Mobile,Wallet,8.3,54.6,In Progress,No,5,55.3,4.2,No,2025-06-11
STU00378,Angela Griffin,17.0,Other,Canada,CRS142,Personal Development Masterclass Intermediate,Personal Development,1580.58,2025-07-24,Desktop,Credit Card,11.7,48.0,In Progress,No,5,100.0,3.1,No,2026-06-06
STU01014,Emily Mcclain,15.0,Male,UK,CRS177,Business & Finance Masterclass Bootcamp,Business & Finance,2672.98,2026-02-22,Desktop,UPI,8.6,30.1,In Progress,No,3,67.2,3.8,No,2026-04-27
STU00582,Brian Turner,26.0,Female,USA,CRS197,Digital Marketing Masterclass Bootcamp,Digital Marketing,901.35,2025-09-28,Mobile,Debit Card,8.4,27.5,In Progress,No,3,45.5,3.5,No,2026-08-28
STU00406,Philip Ramsey,15.0,Other,Canada,CRS179,Web Development Masterclass Advanced,Web Development,4460.15,2026-01-24,Mobile,UPI,5.3,45.9,In Progress,No,4,66.9,3.9,No,2026-08-19
STU00944,Kathryn Cain,25.0,Other,India,CRS198,Business & Finance Masterclass Beginner,Business & Finance,3086.22,2026-02-05,Desktop,Net Banking,4.8,17.8,In Progress,No,2,45.5,4.2,No,2026-03-30
STU00817,Laura Green,120.0,Male,India,CRS124,Personal Development Masterclass Advanced,Personal Development,1245.54,2026-01-26,Mobile,Credit Card,16.7,100.0,Completed,Yes,5,94.4,4.7,No,2026-03-12
STU00226,Amanda Reese,38.0,Male,USA,CRS131,Personal Development Masterclass Advanced,Personal Development,1210.71,2025-10-12,Mobile,Debit Card,9.2,49.7,In Progress,No,1,75.6,3.3,No,2025-11-29
STU00850,Eddie Adams,17.0,Female,UK,CRS139,Web Development Masterclass Beginner,Web Dev,2456.41,2025-06-10,Mobile,Debit Card,33.3,92.8,In Progress,No,9,100.0,3.2,No,2025-09-24
STU01065,Brittany Crawford,34.0,Other,Germany,CRS105,Graphic Design Masterclass Beginner,Graphic Design,2115.9,2025-05-01,Desktop,Credit Card,19.2,70.8,In Progress,No,5,64.7,3.8,No,2025-07-13
STU00272,Courtney Hayes,31.0,Female,USA,CRS192,Business & Finance Masterclass Bootcamp,Business and Finance,2451.97,2025-06-03,Mobile,UPI,3.5,27.0,In Progress,No,1,78.4,3.7,No,2025-12-26
STU00639,Mary Bridges,23.0,Other,USA,CRS188,Data Science Masterclass Beginner,Data Science,5319.45,2025-10-10,Mobile,Wallet,1.8,8.4,Not Started,No,1,76.6,,No,2025-11-14
STU01336,Bruce Jackson,34.0,Female,India,CRS153,Personal Development Masterclass Intermediate,Personal Development,1841.84,2025-05-12,Desktop,Net Banking,11.7,45.2,In Progress,No,4,94.7,3.0,No,2026-01-30
STU01353,Toni Whitaker,19.0,Male,Canada,CRS175,IT & Software Masterclass Intermediate,IT and Software,5059.86,2025-05-25,Desktop,,4.2,24.7,In Progress,No,1,60.7,2.5,No,2025-10-13
STU01424,William Smith,40.0,Female,USA,CRS103,Cloud Computing Masterclass Intermediate,Cloud Computing,3971.21,2025-11-14,Mobile,UPI,5.0,13.6,In Progress,No,1,70.0,4.2,No,2026-07-27
STU01405,Nancy Brewer,28.0,Male,India,CRS106,Business & Finance Masterclass Beginner,Business & Finance,3107.64,2025-12-23,Mobile,Net Banking,8.7,43.6,In Progress,No,2,61.6,3.1,No,2026-09-06
STU00639,Mary Bridges,23.0,Other,USA,CRS188,Data Science Masterclass Beginner,Data Science,5319.45,2025-10-10,Mobile,Wallet,1.8,8.4,Not Started,No,1,76.6,,No,2025-11-14
STU00886,David Holden,33.0,Male,Canada,CRS104,Web Development Masterclass Bootcamp,Web Development ,2949.24,2026-03-16,Desktop,Credit Card,3.5,24.2,In Progress,No,1,88.9,3.0,No,2026-08-10
STU00249,Joanna Pacheco,23.0,Other,Canada,CRS148,Cloud Computing Masterclass Intermediate,cloud computing,6722.24,2025-12-30,Mobile,Debit Card,25.1,100.0,Completed,Yes,5,89.1,4.5,No,2026-07-25
STU00924,Bradley Duncan,25.0,Other,India,CRS126,Personal Development Masterclass Bootcamp,Personal Development,960.72,2025-08-15,Tablet,Debit Card,4.6,15.0,In Progress,No,0,,3.5,No,2026-01-19
STU01250,Phillip White,31.0,Male,UAE,CRS116,Web Development Masterclass Intermediate,Web Development ,4734.1,2025-10-12,Mobile,Debit Card,7.8,47.0,In Progress,No,3,76.5,2.6,No,2026-05-13
STU00660,Cheryl Rhodes,39.0,Other,Australia,CRS191,Web Development Masterclass Intermediate,Web Dev,1940.22,2025-03-26,Mobile,Credit Card,14.4,94.0,In Progress,No,5,78.5,4.1,No,2025-09-16
STU00306,Emma Reed,19.0,Female,Singapore,CRS158,Digital Marketing Masterclass Bootcamp,Digital Marketing,1704.63,2025-05-03,Desktop,Credit Card,19.1,70.7,In Progress,No,5,69.1,2.9,No,2026-04-11
STU01130,Angelica Vincent,38.0,Other,India,CRS111,Web Development Masterclass Bootcamp,Web Development,2270.08,2025-06-14,Mobile,UPI,7.9,53.5,In Progress,No,8,76.3,4.4,No,2026-09-04
STU01007,Eric Rodriguez,18.0,Male,India,CRS177,Data Science Masterclass Intermediate,data science,5938.6,2025-11-07,Mobile,Debit Card,0.5,0.0,Not Started,No,0,,,No,2026-09-02
STU00377,Mary Robinson,33.0,Female,USA,CRS122,IT & Software Masterclass Bootcamp,IT and Software,4210.89,2025-12-27,Mobile,Wallet,14.9,70.4,In Progress,No,4,83.1,3.9,No,2026-04-30
STU00302,Danielle Wilson,29.0,Male,Germany,CRS173,Digital Marketing Masterclass Intermediate,digital marketing,2500.1,2025-12-17,Desktop,Net Banking,17.1,76.0,In Progress,No,3,81.4,4.9,No,2026-04-05
STU01166,Aaron Rodgers,27.0,Male,UK,CRS188,Data Science Masterclass Beginner,data science,3607.3,2025-06-02,Desktop,Net Banking,8.6,59.3,In Progress,No,8,63.1,3.9,No,2026-01-04
STU00214,Cindy Hayes,24.0,Other,Australia,CRS124,IT & Software Masterclass Advanced,IT & Software,4857.35,2026-02-18,Desktop,UPI,,66.8,In Progress,No,2,68.0,4.4,No,2026-07-31
STU00656,Mark Smith,32.0,Other,India,CRS123,Web Development Masterclass Beginner,Web Development,3512.57,2025-11-26,Desktop,Wallet,5.5,44.4,In Progress,No,1,61.5,3.7,No,2026-05-31
STU00792,John Mendez,25.0,Male,India,CRS160,Personal Development Masterclass Advanced,Personal Development,1306.28,2025-10-22,Mobile,UPI,28.8,88.5,In Progress,No,6,77.9,4.3,No,2025-12-10
STU00363,Casey Gillespie,19.0,Female,Nigeria,CRS120,Data Science Masterclass Advanced,Data Science,4090.17,2026-07-04,Mobile,Debit Card,9.2,46.8,In Progress,No,3,88.8,3.3,No,2026-07-17
STU01211,Michelle Richardson,30.0,Other,Nigeria,CRS169,Web Development Masterclass Intermediate,Web Development,4826.64,2025-05-09,Mobile,,10.2,42.8,In Progress,No,2,65.4,2.5,No,2025-08-23
STU01351,David Robinson,25.0,Other,India,CRS153,Personal Development Masterclass Intermediate,Personal Development,1867.52,2025-08-14,Mobile,Debit Card,25.0,93.4,In Progress,No,11,68.7,4.8,No,2025-10-29
STU00102,Jamie Walton,26.0,Female,UAE,CRS197,Personal Development Masterclass Beginner,Personal Development,596.31,2025-07-06,Desktop,Net Banking,2.5,22.6,In Progress,No,1,61.7,3.1,Yes,2025-11-26
STU00021,Kimberly Adams,26.0,Other,India,CRS131,Cloud Computing Masterclass Intermediate,cloud computing,6833.27,2025-03-24,Tablet,Wallet,,84.7,In Progress,No,8,91.3,4.3,No,2026-04-19
STU00023,Cassandra Gaines,23.0,Other,India,CRS168,Data Science Masterclass Bootcamp,DataScience,3595.19,2026-06-14,Desktop,Debit Card,10.6,48.7,In Progress,No,0,,2.8,No,2026-07-09
STU01294,Luke Solomon,27.0,Male,Nigeria,CRS191,Cloud Computing Masterclass Bootcamp,cloud computing,3693.72,2025-06-02,Tablet,Debit Card,4.7,17.3,In Progress,No,0,,3.0,No,2025-10-17
STU00681,Sherry Davis,25.0,Female,India,CRS197,Data Science Masterclass Advanced,DataScience,4144.66,2025-09-19,Mobile,Wallet,7.6,42.4,In Progress,No,0,,2.7,No,2026-02-25
STU00237,Robert Montgomery,26.0,Male,Philippines,CRS128,IT & Software Masterclass Beginner,IT & Software,3490.16,2025-05-17,Mobile,Debit Card,26.9,90.0,In Progress,No,4,87.4,4.4,No,2025-05-27
STU00822,Wendy Rhodes,36.0,Other,India,CRS182,Graphic Design Masterclass Beginner,graphic design,1181.14,2025-05-18,Desktop,Wallet,12.6,44.8,In Progress,No,5,52.2,3.1,No,2025-06-19
STU01367,Randy Sanchez,17.0,Female,UK,CRS120,Graphic Design Masterclass Intermediate,Graphic Design,2782.75,2026-05-31,Mobile,Wallet,15.4,85.7,In Progress,No,3,71.1,4.3,No,2026-07-18
STU00172,Charles Schmidt,28.0,Other,UK,CRS149,IT & Software Masterclass Beginner,IT and Software,2249.65,2026-05-04,Desktop,Wallet,7.5,40.1,In Progress,No,4,88.8,3.5,No,2026-06-13
STU01013,Angel Meyer,28.0,Female,Philippines,CRS115,Data Science Masterclass Beginner,data science,5200.9,2026-01-20,Mobile,Credit Card,12.2,64.7,In Progress,No,7,69.8,5.0,No,2026-02-09
STU01252,Timothy Patel,17.0,Other,Nigeria,CRS194,Data Science Masterclass Beginner,DataScience,3383.72,2026-07-29,Tablet,Net Banking,10.8,54.0,In Progress,No,2,67.5,4.6,No,2026-09-04
STU00719,Paul Martin,33.0,Male,India,CRS175,Web Development Masterclass Intermediate,Web Development ,2381.7,2025-06-02,Tablet,Wallet,20.8,100.0,Completed,Yes,3,78.7,5.0,No,2026-04-15
STU00907,Mrs. Heather Edwards DVM,28.0,Other,Nigeria,CRS125,Business & Finance Masterclass Bootcamp,Business and Finance,3841.85,2025-09-09,Desktop,Credit Card,5.3,6.2,Not Started,No,0,,,No,2025-11-07
STU01109,Timothy Williams,26.0,Other,Germany,CRS188,Cloud Computing Masterclass Bootcamp,cloud computing,5990.91,2026-03-13,Mobile,Net Banking,14.6,54.6,In Progress,No,3,67.7,3.3,No,2026-06-25
STU00765,Lawrence Wilkinson,,Other,Germany,CRS118,Business & Finance Masterclass Bootcamp,Business & Finance,1313.45,2025-08-23,Mobile,Debit Card,5.9,16.3,In Progress,No,0,,2.5,No,2026-03-26
STU01440,Roberto Foster,29.0,Other,India,CRS125,Digital Marketing Masterclass Intermediate,digital marketing,2771.0,2026-03-19,Tablet,Wallet,3.0,5.8,Not Started,No,0,,,No,2026-04-26
STU00717,Paul Skinner,38.0,Female,India,CRS111,IT & Software Masterclass Bootcamp,IT & Software,3762.23,2026-01-08,Mobile,UPI,2.9,29.1,In Progress,No,0,,3.3,Yes,2026-06-25
STU01011,Nathaniel Stevens,34.0,Male,Philippines,CRS170,Personal Development Masterclass Bootcamp,Personal Development,1296.5,2026-07-16,Mobile,UPI,27.9,100.0,Completed,Yes,8,88.7,3.9,No,2026-08-28
STU00603,Ryan Parker,15.0,Other,Australia,CRS153,Data Science Masterclass Bootcamp,DataScience,2705.43,2025-06-15,Desktop,Debit Card,25.1,88.2,In Progress,No,6,100.0,5.0,No,2025-10-27
STU00510,Breanna Ayala,32.0,Other,UAE,CRS107,Business & Finance Masterclass Advanced,Business & Finance,3643.75,2025-05-10,Mobile,Credit Card,7.3,42.4,In Progress,No,3,68.5,3.3,No,2025-10-12
STU01069,Michael Wells,27.0,Male,Singapore,CRS142,Web Development Masterclass Advanced,web dev,1205.07,2026-04-12,Desktop,Debit Card,4.1,12.7,In Progress,No,0,,4.0,No,2026-07-05
STU00368,Norman Gibbs,22.0,Other,India,CRS150,Graphic Design Masterclass Intermediate,graphic design,1343.47,2025-11-11,Mobile,Credit Card,5.2,10.6,In Progress,No,1,89.5,2.3,No,2026-01-30
STU00599,Michael Bowen,15.0,Male,India,CRS167,Business & Finance Masterclass Bootcamp,Business & Finance,1650.44,2025-05-10,Desktop,UPI,3.3,5.1,Not Started,No,0,,,No,2025-08-19
STU00702,Joseph Park,23.0,Male,India,CRS114,Web Development Masterclass Bootcamp,web dev,3503.62,2026-05-22,Tablet,Credit Card,,42.1,In Progress,No,1,83.0,3.5,No,2026-09-13
STU00300,Keith Jacobs,15.0,Other,India,CRS137,Data Science Masterclass Advanced,Data  Science,4268.08,2026-04-25,Mobile,UPI,10.2,72.8,In Progress,No,1,54.6,5.0,No,2026-06-17
STU01209,Alexis Robinson,40.0,Male,,CRS169,Web Development Masterclass Beginner,Web Dev,1335.56,2026-01-07,Mobile,Credit Card,43.3,100.0,Completed,Yes,8,80.5,4.7,No,2026-02-01
STU00049,James Powers,27.0,Female,Canada,CRS136,Cloud Computing Masterclass Bootcamp,cloud computing,5451.97,2025-07-02,Mobile,Debit Card,0.7,8.0,Not Started,No,0,,,No,2026-05-15
STU00479,Ms. Katherine Taylor MD,25.0,Male,India,CRS119,Personal Development Masterclass Bootcamp,Personal Development,1003.11,2026-03-12,Mobile,Wallet,10.4,62.7,In Progress,No,3,66.6,5.0,No,2026-07-12
STU00260,Christopher Lewis,15.0,Other,India,CRS142,Cloud Computing Masterclass Beginner,Cloud Computing,2280.88,2025-10-23,Mobile,Net Banking,17.5,99.9,Completed,Yes,6,91.5,3.9,No,2026-02-19
STU00148,Jordan Edwards,23.0,Other,India,CRS198,Graphic Design Masterclass Intermediate,graphic design,1114.69,2026-07-20,Desktop,Credit Card,7.6,19.9,In Progress,No,4,79.9,3.1,No,2026-09-06
STU00135,Matthew Moore,36.0,Female,UK,CRS178,IT & Software Masterclass Beginner,IT & Software,5402.44,2026-07-21,Desktop,Wallet,21.0,100.0,Completed,Yes,8,77.7,4.4,No,2026-08-02
STU00655,Mike Maxwell,,Male,Canada,CRS127,Graphic Design Masterclass Beginner,Graphic Design,2235.32,2026-06-30,Mobile,Wallet,5.7,27.0,In Progress,No,2,54.9,4.0,No,2026-08-05
STU01343,Tracey Ruiz,15.0,Female,Canada,CRS122,Business & Finance Masterclass Bootcamp,Business and Finance,1936.28,2025-06-12,Desktop,Credit Card,6.7,21.3,In Progress,No,2,77.0,2.7,No,2025-08-21
STU00983,Sara Evans,41.0,Male,Nigeria,CRS143,Web Development Masterclass Advanced,Web Development ,1585.98,2025-04-06,Desktop,Wallet,9.3,33.8,In Progress,No,3,54.9,2.5,No,2026-07-02
STU00379,Amy Kelley,36.0,Female,Singapore,CRS162,Data Science Masterclass Bootcamp,Data Science,5456.76,2026-03-17,Mobile,UPI,6.2,30.1,In Progress,No,1,71.9,3.6,No,2026-03-31
STU00847,Dr. Steve James,24.0,Female,UK,CRS162,Personal Development Masterclass Bootcamp,Personal Development,1418.25,2025-09-18,Desktop,Net Banking,10.9,50.6,In Progress,No,1,64.7,4.4,No,2026-05-21
STU01159,John Arellano,22.0,Male,Germany,CRS103,Digital Marketing Masterclass Bootcamp,digital marketing,977.14,2026-05-01,Mobile,Net Banking,8.0,32.8,In Progress,No,0,,3.2,No,2026-05-25
STU00194,Elizabeth Vasquez,15.0,Male,Canada,CRS121,Graphic Design Masterclass Advanced,Graphic Design,1962.26,2025-10-16,Desktop,Credit Card,22.1,92.1,In Progress,No,5,100.0,4.4,No,2025-12-02
STU00408,Autumn Key,19.0,Other,India,CRS184,Business & Finance Masterclass Bootcamp,Business & Finance,3909.46,2025-03-26,Desktop,Credit Card,13.0,58.8,In Progress,No,5,52.1,4.1,No,2026-08-15
STU01297,Anthony Cook,27.0,Male,India,CRS139,IT & Software Masterclass Beginner,IT and Software,1569.18,2026-04-03,Desktop,,4.0,16.2,In Progress,No,1,54.7,2.8,No,2026-05-16
STU00665,Darryl Acosta,27.0,Other,UAE,CRS137,Web Development Masterclass Advanced,web dev,3870.41,2026-07-22,Mobile,Net Banking,4.5,17.8,In Progress,No,2,73.1,2.2,No,2026-09-13
STU00031,Joseph Martinez,28.0,Female,India,CRS196,Graphic Design Masterclass Advanced,Graphic Design,1369.85,2026-08-15,Desktop,Net Banking,6.1,33.9,In Progress,No,5,78.4,3.1,No,2026-09-06
STU00004,Rhonda Smith,33.0,Female,India,CRS177,Digital Marketing Masterclass Intermediate,digital marketing,1014.88,2025-12-25,Mobile,UPI,6.0,51.1,In Progress,No,1,72.5,4.0,No,2026-02-21
STU00137,Michele Gibson,35.0,Male,Germany,CRS127,Personal Development Masterclass Beginner,Personal Development,728.04,2025-08-16,Tablet,Credit Card,5.6,31.6,In Progress,No,0,,3.1,No,2025-11-16
STU00577,Sierra Vasquez MD,30.0,Other,UK,CRS167,Graphic Design Masterclass Intermediate,Graphic Design,1562.96,2026-01-04,Desktop,Debit Card,25.9,100.0,Completed,Yes,5,81.7,5.0,No,2026-02-21
STU00737,Tina Fleming,40.0,Other,UK,CRS167,Digital Marketing Masterclass Intermediate,Digital Marketing,1929.08,2026-06-29,Mobile,Wallet,9.1,48.8,In Progress,No,5,71.8,3.5,No,2026-08-17
STU00393,Alexis Harris,33.0,Other,UK,CRS121,IT & Software Masterclass Intermediate,IT & Software,4733.07,2025-10-21,Desktop,UPI,8.5,38.5,In Progress,No,2,87.6,3.8,No,2026-07-02
STU00116,Stephen Sanchez,19.0,Other,India,CRS138,Data Science Masterclass Advanced,DataScience,2408.34,2026-06-02,Mobile,Net Banking,12.3,71.4,In Progress,No,10,81.7,4.3,No,2026-08-30
STU01381,Brandon Arnold,32.0,Female,Canada,CRS164,Graphic Design Masterclass Intermediate,Graphic Design,2282.61,2025-05-23,Mobile,Credit Card,6.9,54.8,In Progress,No,5,84.3,4.5,No,2026-09-14
STU01338,Heather Nunez,24.0,Male,India,CRS101,Personal Development Masterclass Beginner,Personal Development,715.13,2025-11-25,Desktop,Net Banking,10.7,66.8,In Progress,No,8,85.7,4.2,No,2026-05-27
STU01067,Martin Campos,20.0,Male,USA,CRS191,Personal Development Masterclass Bootcamp,Personal Development,1401.96,2025-07-06,Mobile,,6.5,39.5,In Progress,No,4,49.6,2.8,No,2026-05-24
STU00801,Dawn Wyatt,21.0,Female,Nigeria,CRS142,Data Science Masterclass Intermediate,Data Science,3996.63,2025-09-22,Mobile,Net Banking,28.8,84.6,In Progress,No,6,76.5,4.4,No,2025-11-16
STU01377,Tami Graves,27.0,Female,USA,CRS179,Digital Marketing Masterclass Beginner,Digital Marketing,1909.13,2025-03-23,Mobile,Wallet,11.8,66.6,In Progress,No,6,68.5,3.6,No,2025-08-22
STU00837,Jacqueline Dickerson,28.0,Male,USA,CRS107,Digital Marketing Masterclass Bootcamp,digital marketing,2736.29,2025-12-01,Mobile,Debit Card,5.1,27.9,In Progress,No,2,84.0,3.4,No,2026-01-31
STU00078,Elizabeth Kelley,41.0,Other,UAE,CRS156,Business & Finance Masterclass Intermediate,Business and Finance,3489.23,2026-03-04,Mobile,Credit Card,16.7,100.0,Completed,Yes,6,100.0,4.8,No,2026-08-29
STU00279,Brian Stein,35.0,Other,USA,CRS146,Cloud Computing Masterclass Bootcamp,Cloud Computing,6489.6,2025-10-22,Mobile,Net Banking,7.7,45.4,In Progress,No,5,88.0,3.2,No,2026-07-11
STU01332,Clarence Long,21.0,Male,India,CRS136,Web Development Masterclass Bootcamp,Web Development ,3074.4,2025-05-16,Tablet,Net Banking,22.2,93.1,In Progress,No,8,74.4,5.0,No,2026-04-05
STU00760,Manuel Mccullough,27.0,Female,Philippines,CRS168,Digital Marketing Masterclass Advanced,Digital Marketing,2996.96,2025-05-24,Mobile,Credit Card,17.4,92.7,In Progress,No,1,72.8,2.6,No,2026-04-04
STU00863,Hailey Harrison,35.0,Male,India,CRS196,Web Development Masterclass Beginner,Web Development ,3244.7,2025-03-19,Desktop,Debit Card,5.1,28.1,In Progress,No,4,60.0,3.0,No,2026-06-08
STU01269,Sherry Giles,21.0,Other,USA,CRS128,Cloud Computing Masterclass Bootcamp,Cloud Computing,6665.07,2025-10-24,Mobile,Net Banking,17.1,80.4,In Progress,No,9,81.2,4.2,No,2026-06-05
STU00836,Louis Diaz,28.0,Male,Australia,CRS140,Data Science Masterclass Bootcamp,DataScience,3455.73,2025-12-27,Desktop,Wallet,17.5,99.8,Completed,Yes,6,78.4,5.0,No,2026-02-27
STU01249,Joshua Gonzalez,23.0,Female,India,CRS191,Graphic Design Masterclass Intermediate,graphic design,1994.35,2025-08-22,Mobile,UPI,11.2,69.1,In Progress,No,7,72.9,4.5,No,2026-07-03
STU00879,Frank Soto,23.0,Other,India,CRS166,Web Development Masterclass Intermediate,Web Dev,1221.74,2025-11-18,Mobile,Wallet,15.2,94.0,In Progress,No,5,81.8,4.8,No,2026-06-13
STU00806,Joshua Terry,,Female,Canada,CRS162,Personal Development Masterclass Bootcamp,Personal Development,1209.19,2025-07-07,Tablet,Debit Card,17.4,70.2,In Progress,No,2,63.9,4.6,No,2025-12-29
STU00641,Shannon Green,25.0,Female,UK,CRS160,Business & Finance Masterclass Beginner,Business and Finance,2943.51,2025-04-21,Mobile,Net Banking,4.3,16.8,In Progress,No,3,74.3,2.9,No,2026-09-12
STU01179,Sean Hatfield,15.0,Female,India,CRS117,Data Science Masterclass Bootcamp,Data  Science,3979.25,2025-05-02,Mobile,Credit Card,5.3,14.3,In Progress,No,1,69.0,4.1,No,2025-08-14
STU00082,Megan Walker,26.0,Other,India,CRS120,Web Development Masterclass Intermediate,Web Development,3815.93,2025-09-08,Desktop,Debit Card,30.9,100.0,Completed,Yes,7,78.3,4.5,No,2026-07-11
STU01050,Laura Bradford,27.0,Other,UK,CRS196,Personal Development Masterclass Bootcamp,Personal Development,1306.0,2025-09-18,Mobile,Credit Card,8.0,40.7,In Progress,No,5,78.5,3.8,No,2025-11-24
STU00017,Stephanie Ross,24.0,Male,Canada,CRS177,Web Development Masterclass Intermediate,Web Development ,4609.42,2026-01-03,Tablet,Debit Card,102.0,25.0,In Progress,No,4,84.3,3.0,No,2026-03-11
STU00203,Charles Lester,26.0,Female,UK,CRS133,Cloud Computing Masterclass Bootcamp,cloud computing,4417.04,2025-07-08,Desktop,Net Banking,12.1,55.6,In Progress,No,3,50.5,5.0,No,2026-07-23
STU01038,Kenneth Gonzalez,30.0,Other,Germany,CRS181,Cloud Computing Masterclass Beginner,Cloud Computing,5116.29,2025-06-04,Desktop,Debit Card,14.9,100.0,Completed,Yes,6,87.9,4.4,No,2026-02-09
STU01028,Bethany Garcia,24.0,Male,India,CRS119,Personal Development Masterclass Advanced,Personal Development,820.02,2025-06-15,Mobile,Credit Card,4.6,19.8,In Progress,No,1,72.2,4.2,No,2026-06-03
STU00141,Michael Lyons,15.0,Male,USA,CRS127,Business & Finance Masterclass Beginner,Business & Finance,1779.44,2026-01-07,Desktop,Credit Card,6.3,29.0,In Progress,No,1,58.9,3.4,No,2026-03-21
STU00569,Kari Durham,16.0,Male,,CRS159,Business & Finance Masterclass Intermediate,Business & Finance,3634.76,2026-04-27,Desktop,Wallet,17.2,74.6,In Progress,No,7,93.0,4.5,No,2026-06-17
STU01188,Barbara Hunt,41.0,Male,India,CRS112,Data Science Masterclass Beginner,Data  Science,4145.7,2026-02-06,Tablet,Credit Card,10.3,51.0,In Progress,No,3,55.1,3.3,No,2026-05-23
STU01326,Michael Moore,32.0,Other,India,CRS151,Data Science Masterclass Intermediate,Data Science,3719.82,2025-09-11,Mobile,UPI,6.7,35.1,In Progress,No,1,67.6,3.5,No,2026-03-02
STU00675,Michael Meadows,28.0,Other,India,CRS162,Cloud Computing Masterclass Intermediate,Cloud Computing,2986.57,2026-07-14,Mobile,Wallet,21.9,100.0,Completed,Yes,3,63.5,4.3,No,2026-08-04
STU01086,Susan Baldwin,31.0,Other,Canada,CRS147,Cloud Computing Masterclass Advanced,cloud computing,2821.08,2026-04-20,Desktop,Debit Card,3.4,23.7,In Progress,No,1,72.7,3.8,No,2026-05-22
STU00561,Alison Brown,40.0,Female,Australia,CRS173,Graphic Design Masterclass Bootcamp,Graphic Design,2175.52,2026-01-14,Mobile,UPI,13.9,33.0,In Progress,No,3,80.5,3.2,No,2026-03-18
STU00620,Lee Steele,15.0,Male,Germany,CRS139,Personal Development Masterclass Bootcamp,Personal Development,916.14,2025-04-07,Desktop,Net Banking,10.0,59.5,In Progress,No,7,81.6,5.0,No,2025-08-30
STU00163,Samantha Pollard,27.0,Female,UK,CRS177,Cloud Computing Masterclass Advanced,Cloud Computing,4800.84,2026-05-12,Mobile,Debit Card,2.1,8.3,Not Started,No,1,53.3,,No,2026-06-30
STU00114,Debra Morton,26.0,Other,USA,CRS115,Graphic Design Masterclass Bootcamp,graphic design,2661.14,2025-10-30,Desktop,Credit Card,3.9,12.0,In Progress,No,0,,3.2,No,2026-06-24
STU01207,Teresa Rush,26.0,Female,India,CRS126,Personal Development Masterclass Beginner,Personal Development,1338.59,2025-09-16,Desktop,Wallet,5.6,27.5,In Progress,No,3,91.3,2.4,No,2025-10-19
STU00535,Scott Sanchez,29.0,Male,UAE,CRS155,Graphic Design Masterclass Advanced,graphic design,1220.41,2025-07-15,Mobile,Credit Card,14.4,62.9,In Progress,No,4,71.5,3.7,No,2026-02-18
STU00208,Amanda Logan,15.0,Male,USA,CRS165,IT & Software Masterclass Advanced,IT and Software,1764.04,2025-05-14,Desktop,UPI,1.9,10.9,In Progress,No,1,65.6,3.2,Yes,2026-01-16
STU01348,Kelsey Henderson,33.0,Male,India,CRS114,Personal Development Masterclass Bootcamp,Personal Development,1137.6,2026-05-15,Desktop,Credit Card,19.2,95.8,Completed,Yes,4,75.2,3.5,No,2026-07-15
STU01399,Steven Small,27.0,Other,UK,CRS149,IT & Software Masterclass Bootcamp,IT and Software,5296.39,2025-05-31,Tablet,Credit Card,7.2,18.8,In Progress,No,2,51.4,3.5,No,2026-03-07
STU01260,Tracey Tucker,24.0,Female,UAE,CRS173,Graphic Design Masterclass Beginner,graphic design,1977.42,2026-02-22,Mobile,Debit Card,4.8,32.3,In Progress,No,2,75.2,3.7,No,2026-03-30
STU01286,Stacey Walker,20.0,Male,UAE,CRS151,Web Development Masterclass Intermediate,Web Development ,3635.39,2025-06-21,Mobile,Debit Card,2.7,8.4,Not Started,No,1,68.9,,No,2026-07-23
STU00044,Kimberly Adkins,41.0,Male,UK,CRS114,Business & Finance Masterclass Beginner,Business and Finance,3316.96,2025-08-19,Mobile,UPI,22.2,100.0,Completed,Yes,4,92.7,5.0,No,2026-09-05
STU00019,Jennifer Brown,34.0,Male,India,CRS128,Web Development Masterclass Intermediate,Web Development,2052.22,2025-05-14,Mobile,Wallet,24.2,94.0,In Progress,No,7,70.2,4.9,No,2026-03-18
STU00785,Amy Scott,23.0,Other,Canada,CRS125,Data Science Masterclass Beginner,Data  Science,2908.61,2026-02-07,Desktop,Credit Card,10.1,49.9,In Progress,No,2,99.5,2.5,No,2026-02-15
STU01278,Sherri Wilkins,27.0,Other,India,CRS136,Data Science Masterclass Beginner,Data  Science,4855.88,2025-10-18,Mobile,Net Banking,14.9,51.2,In Progress,No,4,89.6,3.5,No,2026-07-26
STU00455,Michael Fuentes,27.0,Other,India,CRS181,Cloud Computing Masterclass Intermediate,Cloud Computing,4988.41,2026-03-20,Desktop,Wallet,,0.0,Not Started,No,0,,,No,2026-06-07
STU00563,Christopher Berry,15.0,Other,Canada,CRS134,Personal Development Masterclass Intermediate,Personal Development,1154.07,2025-09-06,Desktop,Debit Card,16.5,74.0,In Progress,No,2,74.0,4.6,No,2025-09-22
STU00431,Timothy Edwards,28.0,Other,USA,CRS116,Data Science Masterclass Bootcamp,Data Science,3447.78,2026-06-26,Mobile,Debit Card,1.7,30.6,In Progress,No,6,50.2,3.2,No,2026-08-12
STU00318,Brittany Hopkins,36.0,Male,UK,CRS107,Cloud Computing Masterclass Beginner,cloud computing,6027.15,2025-12-03,Mobile,Debit Card,3.4,23.1,In Progress,No,2,63.9,4.3,No,2026-01-20
STU00725,Priscilla Berg,34.0,Other,Germany,CRS107,Web Development Masterclass Advanced,web dev,4435.64,2025-03-25,Mobile,UPI,2.7,7.2,Not Started,No,0,,,No,2025-08-08
STU00477,Michael Dixon,29.0,Male,USA,CRS152,Business & Finance Masterclass Beginner,Business & Finance,2246.88,2025-05-18,Tablet,Net Banking,15.4,58.6,In Progress,No,4,76.6,4.0,No,2025-10-14
STU00549,Robert Jones,22.0,Male,UK,CRS171,Personal Development Masterclass Intermediate,Personal Development,665.81,2025-05-01,Mobile,Debit Card,10.3,33.9,In Progress,No,3,56.2,4.2,No,2025-06-18
STU00570,Francis Robinson,28.0,Other,India,CRS102,Web Development Masterclass Bootcamp,Web Dev,1330.33,2025-12-03,Desktop,UPI,4.1,22.2,In Progress,No,1,64.9,2.9,No,2026-03-25
STU01331,Brad Gordon,34.0,Other,Germany,CRS190,Web Development Masterclass Bootcamp,web dev,3796.19,2026-01-06,Desktop,Net Banking,36.2,98.2,Completed,Yes,5,79.5,5.0,No,2026-03-11
STU00006,Ryan Munoz,15.0,Male,Canada,CRS112,Graphic Design Masterclass Beginner,graphic design,1269.83,2025-09-09,Desktop,Credit Card,6.8,49.7,In Progress,No,3,81.9,4.3,No,2025-10-13
STU00526,Andrea Hale,21.0,Other,India,CRS187,Web Development Masterclass Bootcamp,Web Dev,2027.26,2026-02-09,Desktop,Wallet,7.7,38.1,In Progress,No,2,72.0,3.1,No,2026-08-12
STU00421,Aaron Arnold Jr.,34.0,Male,Canada,CRS121,Digital Marketing Masterclass Beginner,Digital Marketing,1094.13,2026-01-31,Mobile,Net Banking,7.3,35.4,In Progress,No,2,89.1,4.1,No,2026-05-22
STU01208,Monica Allen,29.0,Other,Singapore,CRS180,IT & Software Masterclass Advanced,IT and Software,4476.94,2025-09-14,Desktop,Credit Card,6.2,33.9,In Progress,No,1,83.5,4.3,No,2025-11-12
STU00370,Michael Lopez,40.0,Female,India,CRS196,Business & Finance Masterclass Bootcamp,Business & Finance,3037.2,2026-05-20,Desktop,Wallet,17.1,68.2,In Progress,No,2,74.3,3.5,No,2026-07-21
STU00273,Jonathan Young,37.0,Male,India,CRS179,Graphic Design Masterclass Bootcamp,graphic design,2342.12,2025-09-15,Mobile,Net Banking,17.0,81.4,In Progress,No,5,84.8,4.5,No,2025-09-24
STU00103,Alec Ryan,15.0,Male,Canada,CRS155,Data Science Masterclass Beginner,Data Science,4200.09,2026-05-23,Tablet,Debit Card,20.2,91.3,In Progress,No,3,83.2,3.7,No,2026-06-21
STU00276,Joan Smith,35.0,Female,India,CRS172,Graphic Design Masterclass Advanced,Graphic Design,2084.97,2026-03-13,Desktop,UPI,7.1,34.7,In Progress,No,3,58.8,3.0,No,2026-04-08
STU00270,Ashley Singleton,15.0,Female,India,CRS171,Web Development Masterclass Advanced,web dev,4878.65,2026-02-13,Mobile,Credit Card,11.6,61.3,In Progress,No,6,62.2,3.0,No,2026-08-21
STU00354,Tina Ballard,30.0,Other,Germany,CRS146,Data Science Masterclass Intermediate,Data Science,3855.31,2025-10-01,Mobile,Credit Card,16.4,89.9,In Progress,No,4,81.4,4.0,No,2026-09-11
STU00326,Brent Roberts,22.0,Male,Germany,CRS160,Web Development Masterclass Beginner,Web Dev,3213.77,2025-11-15,Mobile,Credit Card,12.1,41.7,In Progress,No,2,63.7,2.8,No,2026-02-05
STU01128,Christopher Cooper,17.0,Other,Singapore,CRS192,Digital Marketing Masterclass Intermediate,digital marketing,2663.86,2025-05-28,Mobile,Wallet,13.9,80.9,In Progress,No,11,95.7,3.9,No,2026-07-09
STU00071,Deborah Rodriguez,19.0,Male,USA,CRS189,Digital Marketing Masterclass Bootcamp,digital marketing,944.56,2026-08-02,Mobile,UPI,8.2,62.4,In Progress,No,3,81.0,3.8,No,2026-08-10
STU00467,Ashley Sweeney,37.0,Other,India,CRS117,Personal Development Masterclass Advanced,Personal Development,1145.21,2025-08-30,Mobile,Wallet,2.7,23.5,In Progress,No,2,60.4,3.6,Yes,2025-12-23
STU00047,Danielle Wheeler,32.0,Female,USA,CRS185,Business & Finance Masterclass Bootcamp,Business and Finance,2421.88,2025-07-18,Mobile,Debit Card,7.9,28.6,In Progress,No,0,,3.1,No,2025-09-07
STU00908,Jessica Swanson,30.0,Male,India,CRS147,Graphic Design Masterclass Bootcamp,graphic design,2234.48,2025-09-02,Desktop,Wallet,1.3,5.0,Not Started,No,0,,,No,2026-01-21
STU00731,Lisa Stanley,18.0,Male,India,CRS139,Personal Development Masterclass Bootcamp,Personal Development,1807.32,2025-09-01,Mobile,Credit Card,18.5,92.8,In Progress,No,7,60.4,4.3,No,2025-09-20
STU00398,Eric Brown,,Female,USA,CRS191,Digital Marketing Masterclass Intermediate,Digital Marketing,2471.61,2025-06-01,Desktop,Net Banking,13.3,51.2,In Progress,No,2,72.4,2.8,No,2026-04-09
STU00051,Daniel Baker,22.0,Female,Singapore,CRS183,Web Development Masterclass Bootcamp,Web Development,4040.39,2026-08-17,Desktop,Net Banking,0.8,10.8,In Progress,No,1,55.3,2.6,No,2026-09-17
STU00409,Christine Herman,17.0,Female,UAE,CRS114,Business & Finance Masterclass Intermediate,Business & Finance,3415.52,2025-11-21,Mobile,Wallet,10.7,40.2,In Progress,No,3,63.1,3.9,No,2026-02-02
STU00971,Kevin Marquez,28.0,Other,Australia,CRS197,Web Development Masterclass Intermediate,Web Dev,4818.75,2025-10-18,Mobile,Wallet,4.0,40.6,In Progress,No,5,85.0,2.2,No,2026-03-18
STU00005,Christopher Bernard,18.0,Other,India,CRS179,Data Science Masterclass Bootcamp,Data  Science,3840.31,2026-05-09,Tablet,Credit Card,21.1,100.0,Completed,Yes,3,95.6,3.9,No,2026-08-09
STU01019,John Lowe,31.0,Female,USA,CRS109,Business & Finance Masterclass Beginner,Business & Finance,3006.7,2025-09-10,Mobile,Credit Card,2.3,0.0,Not Started,No,0,,,No,2026-02-22
STU00954,Timothy Shannon,25.0,Female,UAE,CRS121,Cloud Computing Masterclass Intermediate,cloud computing,5858.34,2025-10-19,Mobile,UPI,10.5,55.9,In Progress,No,3,76.6,3.7,No,2026-03-05
STU00918,Angela Brown,38.0,Female,Germany,CRS175,Graphic Design Masterclass Bootcamp,Graphic Design,2354.52,2025-08-21,Mobile,Wallet,18.0,72.9,In Progress,No,5,83.2,4.8,No,2026-06-04
STU01363,Rachael Meza,15.0,Female,USA,CRS178,Personal Development Masterclass Bootcamp,Personal Development,1712.32,2025-05-15,Desktop,Wallet,5.4,28.2,In Progress,No,3,82.1,3.8,No,2025-07-05
STU00533,Jonathan Bradley,22.0,Female,Germany,CRS187,Data Science Masterclass Intermediate,Data  Science,2359.78,2025-04-27,Mobile,Debit Card,9.7,32.9,In Progress,No,3,66.4,3.3,No,2025-12-14
STU00672,Brian Rodriguez,24.0,Male,India,CRS125,Digital Marketing Masterclass Beginner,digital marketing,1457.08,2025-05-12,Desktop,Wallet,13.3,60.0,In Progress,No,3,68.4,3.8,No,2026-05-02
STU00613,Zachary Burton,19.0,Other,Singapore,CRS166,IT & Software Masterclass Bootcamp,IT & Software,4200.52,2025-10-23,Mobile,UPI,28.1,95.4,Completed,Yes,5,95.3,3.7,No,2026-09-14
STU00872,Monica Hall,33.0,Other,Nigeria,CRS186,Data Science Masterclass Intermediate,data science,4651.38,2025-05-10,Desktop,Credit Card,11.5,69.5,In Progress,No,2,45.4,4.1,No,2025-09-20
STU00579,Carlos Love,32.0,Male,Germany,CRS138,Digital Marketing Masterclass Advanced,digital marketing,1301.82,2025-03-19,Desktop,Net Banking,11.3,78.1,In Progress,No,7,84.9,3.9,No,2026-08-04
STU00475,Lisa Cervantes,27.0,Male,India,CRS173,Personal Development Masterclass Beginner,Personal Development,1939.62,2026-01-16,Desktop,Debit Card,25.8,95.9,Completed,Yes,1,70.1,5.0,No,2026-04-11
STU01111,Brandon Pearson,26.0,Female,Nigeria,CRS186,Data Science Masterclass Intermediate,DataScience,4195.46,2025-11-25,Mobile,,12.9,43.1,In Progress,No,0,,3.6,No,2025-11-26
STU00718,Kelly Johnson,22.0,Female,India,CRS153,Cloud Computing Masterclass Bootcamp,Cloud Computing,3867.83,2025-08-13,Desktop,Net Banking,13.5,65.7,In Progress,No,1,85.2,4.6,No,2026-07-18
STU00359,Abigail Pierce,23.0,Male,India,CRS185,IT & Software Masterclass Beginner,IT and Software,1887.86,2026-03-24,Mobile,Credit Card,14.4,81.6,In Progress,No,5,87.4,4.0,No,2026-04-10
STU00721,Ashley Parrish,42.0,Female,India,CRS138,Graphic Design Masterclass Intermediate,graphic design,2441.28,2026-04-12,Mobile,UPI,0.3,9.6,Not Started,No,0,,,No,2026-04-17
STU00435,Amy Kim,30.0,Female,UK,CRS168,IT & Software Masterclass Beginner,IT and Software,3038.06,2026-03-28,Desktop,Net Banking,4.7,10.7,In Progress,No,0,,3.4,No,2026-06-23
STU01066,Jeremiah Walsh,25.0,Other,Singapore,CRS103,Business & Finance Masterclass Beginner,Business & Finance,2040.57,2026-08-14,Mobile,Credit Card,,39.8,In Progress,No,3,70.8,3.7,No,2026-09-09
STU01496,Annette Jones,31.0,Female,Germany,CRS124,Graphic Design Masterclass Advanced,graphic design,2365.26,2026-02-14,Mobile,Net Banking,9.0,34.7,In Progress,No,2,65.9,3.4,No,2026-08-02
STU01254,Chris Jennings,35.0,Other,Canada,CRS192,Data Science Masterclass Advanced,Data  Science,3426.67,2025-12-14,Mobile,Net Banking,28.1,94.2,In Progress,No,5,83.2,4.1,No,2026-03-25
STU00799,Rachel Lane,28.0,Other,UK,CRS118,Cloud Computing Masterclass Advanced,Cloud Computing,4608.0,2025-10-16,Mobile,Credit Card,8.6,56.8,In Progress,No,0,,4.4,No,2025-12-18
STU00654,Jason Hudson,35.0,Male,UK,CRS136,Data Science Masterclass Bootcamp,Data  Science,5947.18,2026-06-03,Desktop,UPI,12.8,43.1,In Progress,No,4,78.9,2.7,No,2026-06-17
STU01241,Deborah Dominguez,21.0,Female,UK,CRS191,Web Development Masterclass Intermediate,Web Dev,3156.93,2026-06-08,Desktop,Wallet,4.6,23.2,In Progress,No,3,72.9,2.6,No,2026-08-04
STU01318,Erica Brown,30.0,Female,Singapore,CRS111,Graphic Design Masterclass Intermediate,graphic design,755.2,2025-07-06,Mobile,UPI,27.8,97.6,Completed,Yes,5,80.0,3.8,No,2025-07-27
STU00671,Breanna Rivas,28.0,Male,India,CRS112,Graphic Design Masterclass Intermediate,graphic design,1701.18,2026-02-24,Mobile,UPI,0.3,2.4,Not Started,No,0,,,No,2026-04-20
STU00588,Keith Zuniga,18.0,Male,Australia,CRS152,Web Development Masterclass Beginner,Web Dev,4917.41,2026-07-08,Tablet,Wallet,9.8,20.1,In Progress,No,1,66.5,2.3,No,2026-09-15
STU01073,Matthew Myers,23.0,Male,India,CRS163,Business & Finance Masterclass Intermediate,Business and Finance,1133.04,2025-09-08,Mobile,Net Banking,21.1,86.8,In Progress,No,6,86.6,4.8,No,2025-12-17
STU01163,Cody Hart,26.0,Other,India,CRS104,Web Development Masterclass Beginner,Web Dev,4185.38,2025-08-29,Mobile,Credit Card,15.0,52.7,In Progress,No,3,79.7,3.7,No,2025-10-16
STU00882,Donald Wilson,21.0,Other,India,CRS140,IT & Software Masterclass Beginner,IT & Software,3728.26,2026-02-09,Mobile,Net Banking,7.0,42.4,In Progress,No,3,76.4,3.0,No,2026-04-21
STU00189,Regina Diaz,32.0,Male,India,CRS170,Web Development Masterclass Intermediate,web dev,2375.62,2026-03-28,Mobile,UPI,27.2,100.0,Completed,Yes,5,77.6,5.0,No,2026-09-14
STU01259,David Lara,30.0,Male,India,CRS103,Graphic Design Masterclass Advanced,Graphic Design,1648.44,2025-04-07,Desktop,Wallet,1.8,7.0,Not Started,No,0,,,No,2025-06-30
STU00800,Melissa Stewart,17.0,Male,UAE,CRS134,IT & Software Masterclass Beginner,IT & Software,5143.19,2025-05-18,Mobile,Debit Card,7.7,45.4,In Progress,No,2,52.1,4.5,No,2025-05-21
STU01099,Amanda Brown PhD,17.0,Other,UAE,CRS152,Cloud Computing Masterclass Advanced,cloud computing,5438.87,2026-05-24,Tablet,UPI,20.6,76.6,In Progress,No,4,77.2,3.9,No,2026-07-15
STU01422,William Casey,25.0,Other,Australia,CRS153,Data Science Masterclass Beginner,data science,5643.63,2025-07-02,Desktop,UPI,8.7,38.2,In Progress,No,3,73.8,4.0,No,2026-09-03
STU00344,Sarah Hernandez,19.0,Female,India,CRS103,Web Development Masterclass Beginner,Web Development ,3767.52,2025-06-15,Tablet,Net Banking,22.9,97.7,Completed,Yes,7,100.0,4.5,No,2026-03-31
STU00789,Matthew Baker,22.0,Male,Canada,CRS123,Digital Marketing Masterclass Bootcamp,digital marketing,1833.24,2026-05-03,Tablet,UPI,16.5,100.0,Completed,Yes,4,71.4,5.0,No,2026-08-24
STU00008,Shannon Ray,20.0,Male,USA,CRS141,Digital Marketing Masterclass Intermediate,Digital Marketing,2202.63,2025-12-29,Mobile,Wallet,9.5,47.5,In Progress,No,6,75.5,3.5,No,2026-08-04
STU00991,Joseph Carney,18.0,Male,UK,CRS196,Business & Finance Masterclass Intermediate,Business and Finance,1024.91,2025-08-14,Mobile,Net Banking,7.6,52.8,In Progress,No,2,74.8,4.2,No,2026-04-14
STU01015,Francis Alexander,30.0,Female,Nigeria,CRS186,Data Science Masterclass Intermediate,DataScience,4421.59,2025-08-31,Mobile,UPI,8.2,59.5,In Progress,No,4,86.1,4.3,No,2025-11-12
STU00216,Christian Leblanc,33.0,Female,UK,CRS169,IT & Software Masterclass Bootcamp,IT and Software,5364.19,2025-10-25,Tablet,UPI,23.0,100.0,Completed,Yes,4,87.4,4.7,No,2026-05-31
STU00110,Raymond Jefferson,22.0,Male,Canada,CRS186,Cloud Computing Masterclass Advanced,Cloud Computing,5579.12,2026-03-11,Mobile,Debit Card,13.4,67.5,In Progress,No,6,70.4,2.7,No,2026-07-08
STU00220,Heather Lane,18.0,Other,Australia,CRS183,Cloud Computing Masterclass Beginner,cloud computing,5566.03,2026-03-26,Mobile,Wallet,28.9,97.4,Completed,Yes,3,91.7,4.9,No,2026-09-12
STU00818,Edward Arroyo,29.0,Other,,CRS159,Graphic Design Masterclass Bootcamp,Graphic Design,1503.93,2025-10-15,Mobile,Wallet,28.2,100.0,Completed,Yes,8,73.9,4.2,No,2025-11-19
STU00637,Jessica Bennett,23.0,Female,UK,CRS128,Personal Development Masterclass Intermediate,Personal Development,1036.76,2025-08-23,Desktop,Net Banking,3.7,35.6,In Progress,No,3,94.5,3.5,No,2026-09-05
STU01225,Jonathan Fuller,16.0,Other,UAE,CRS183,Web Development Masterclass Advanced,Web Development ,3564.35,2026-04-20,Mobile,Debit Card,13.0,90.5,In Progress,No,8,81.0,4.3,No,2026-05-06
STU00830,Katherine Galloway,22.0,Other,India,CRS196,Digital Marketing Masterclass Beginner,Digital Marketing,1482.32,2025-04-09,Tablet,Net Banking,0.9,0.0,Not Started,No,0,,,No,2025-12-19
STU00028,Pamela Anderson,,Male,UK,CRS165,IT & Software Masterclass Beginner,IT & Software,1891.34,2025-11-25,Mobile,Wallet,32.6,89.6,In Progress,No,5,81.7,4.4,No,2025-12-15
STU00231,Mr. Andrew Foster,27.0,Male,Singapore,CRS125,Cloud Computing Masterclass Advanced,Cloud Computing,5786.55,2025-08-12,Mobile,Wallet,9.4,48.4,In Progress,No,3,92.5,3.9,No,2026-05-11
STU00507,Casey Perez,37.0,Female,UAE,CRS187,Personal Development Masterclass Advanced,Personal Development,1754.44,2026-03-17,Mobile,Debit Card,21.5,100.0,Completed,Yes,6,99.8,5.0,No,2026-03-17
STU00416,Christopher Norton Jr.,18.0,Male,India,CRS149,IT & Software Masterclass Advanced,IT and Software,5198.57,2026-07-31,Mobile,Net Banking,9.8,36.8,In Progress,No,2,83.5,3.3,No,2026-08-31
STU00053,Victoria Valdez,19.0,Other,UK,CRS156,Digital Marketing Masterclass Bootcamp,digital marketing,1063.48,2026-05-24,Desktop,UPI,11.8,82.2,In Progress,No,6,76.8,3.8,No,2026-08-14
STU01271,Teresa Vazquez,26.0,Other,,CRS187,IT & Software Masterclass Bootcamp,IT & Software,2190.56,2026-01-26,Desktop,Net Banking,14.7,75.2,In Progress,No,3,61.3,4.3,No,2026-08-11
STU01321,Martha Martinez,27.0,Female,India,CRS160,Web Development Masterclass Intermediate,web dev,3263.2,2026-04-25,Mobile,Credit Card,20.2,100.0,Completed,Yes,4,99.5,4.2,No,2026-06-05
STU00587,Amanda Guzman,27.0,Male,USA,CRS159,Business & Finance Masterclass Bootcamp,Business and Finance,2634.65,2025-10-07,Desktop,Credit Card,2.4,10.3,In Progress,No,0,,3.3,Yes,2026-09-16
STU00685,Meghan White,36.0,Other,,CRS122,Web Development Masterclass Bootcamp,Web Development ,4833.64,2025-10-20,Desktop,Debit Card,23.6,99.1,Completed,Yes,6,83.8,4.3,No,2026-05-04
STU00559,Ronald Haas,34.0,Female,UK,CRS164,Personal Development Masterclass Beginner,Personal Development,1246.92,2026-05-08,Mobile,Wallet,5.3,23.3,In Progress,No,1,72.7,4.3,No,2026-05-26
STU00197,Jason Lynn Jr.,24.0,Female,USA,CRS161,Graphic Design Masterclass Bootcamp,graphic design,1036.05,2025-10-19,Desktop,Debit Card,1.5,4.4,Not Started,No,0,,,No,2025-11-21
STU00772,Jose Griffin,39.0,Male,India,CRS174,Business & Finance Masterclass Bootcamp,Business and Finance,2588.31,2026-05-09,,UPI,8.2,44.7,In Progress,No,2,54.9,4.3,No,2026-07-29
STU01032,Kimberly Young,27.0,Female,Germany,CRS161,Digital Marketing Masterclass Bootcamp,digital marketing,2597.59,2026-04-28,Tablet,Debit Card,6.4,40.5,In Progress,No,3,69.7,3.5,No,2026-06-29
STU01392,Jennifer Baker,42.0,Other,India,CRS138,Graphic Design Masterclass Advanced,Graphic Design,1527.9,2025-12-16,Desktop,Net Banking,11.1,44.7,In Progress,No,7,47.1,2.3,No,2026-05-27
STU00065,Timothy Pham,23.0,Male,Philippines,CRS173,Digital Marketing Masterclass Beginner,digital marketing,1129.82,2025-03-31,Mobile,Credit Card,17.1,92.6,In Progress,No,7,72.8,3.0,No,2026-04-29
STU00677,David Hinton,30.0,Male,Canada,CRS188,Digital Marketing Masterclass Intermediate,Digital Marketing,1653.89,2026-03-28,Mobile,Net Banking,27.5,100.0,Completed,Yes,8,67.6,4.0,No,2026-04-14
STU00070,Teresa Wilson,21.0,Male,Australia,CRS163,Business & Finance Masterclass Bootcamp,Business and Finance,3990.62,2025-10-11,Desktop,Net Banking,8.8,34.3,In Progress,No,3,73.7,5.0,No,2026-09-11
STU01197,Kelly Patel,16.0,Male,USA,CRS120,Data Science Masterclass Advanced,Data  Science,2232.81,2026-06-25,Desktop,UPI,9.7,47.6,In Progress,No,3,100.0,4.5,No,2026-08-16
STU01040,Mrs. Ann Smith,30.0,Female,USA,CRS107,Web Development Masterclass Beginner,Web Development ,1348.09,2026-07-19,Mobile,Debit Card,26.0,100.0,Completed,Yes,10,98.1,4.5,No,2026-08-14
STU00380,Garrett Meyer,17.0,Female,Philippines,CRS153,Graphic Design Masterclass Intermediate,Graphic Design,1222.46,2025-12-05,Mobile,UPI,17.5,83.4,In Progress,No,2,72.9,4.5,No,2026-05-18
STU00268,James Rose,21.0,Female,,CRS113,Personal Development Masterclass Advanced,Personal Development,1341.02,2026-08-09,Mobile,UPI,26.2,100.0,Completed,Yes,6,98.2,4.1,No,2026-08-27
STU01219,Angela Thomas,31.0,Male,India,CRS168,Data Science Masterclass Intermediate,Data Science,5656.21,2025-05-12,Mobile,Net Banking,23.5,100.0,Completed,Yes,9,78.6,3.5,No,2025-12-14
STU01444,Melissa Patel MD,24.0,Male,UAE,CRS151,Personal Development Masterclass Intermediate,Personal Development,1633.41,2025-06-26,Mobile,UPI,26.0,91.0,In Progress,No,11,91.9,3.3,No,2026-04-26
STU00139,Maria Kerr,27.0,Male,Australia,CRS162,Data Science Masterclass Intermediate,DataScience,5162.87,2026-07-14,Mobile,Credit Card,2.2,16.8,In Progress,No,1,52.0,3.1,Yes,2026-08-11
STU00575,Renee Wolfe,25.0,Female,Canada,CRS180,Digital Marketing Masterclass Advanced,Digital Marketing,1421.87,2026-05-29,Mobile,Net Banking,34.8,96.4,Completed,Yes,8,86.7,4.4,No,2026-06-17
STU00219,Nicole Parrish,41.0,Other,Singapore,CRS152,Graphic Design Masterclass Beginner,graphic design,2548.33,2025-05-21,Mobile,Debit Card,16.1,50.3,In Progress,No,2,64.6,4.4,No,2025-11-08
STU01180,Ann Ortiz,37.0,Male,Germany,CRS110,Business & Finance Masterclass Intermediate,Business and Finance,1075.08,2025-04-22,Mobile,Debit Card,16.8,86.3,In Progress,No,4,80.3,5.0,No,2026-08-28
STU00358,Amy Gutierrez,35.0,Other,India,CRS163,Data Science Masterclass Intermediate,data science,3348.55,2026-02-28,Desktop,Wallet,25.0,97.1,Completed,Yes,6,83.6,3.6,No,2026-06-15
STU00484,Ashley Wilson,30.0,Male,Germany,CRS166,Business & Finance Masterclass Intermediate,Business & Finance,1602.73,2026-04-06,Desktop,Wallet,14.9,71.8,In Progress,No,2,88.6,5.0,No,2026-08-10
STU01044,Joshua Bates,,Female,Germany,CRS183,Digital Marketing Masterclass Advanced,digital marketing,1275.04,2025-08-30,Mobile,Wallet,22.0,98.5,Completed,Yes,7,79.6,3.6,No,2026-01-23
STU00236,Michelle Butler,25.0,Female,USA,CRS187,Personal Development Masterclass Advanced,Personal Development,923.72,2026-06-07,Tablet,Net Banking,10.8,54.6,In Progress,No,4,73.7,4.4,No,2026-08-05
STU00694,Daniel Schneider,29.0,Female,USA,CRS180,Cloud Computing Masterclass Beginner,cloud computing,4648.22,2025-07-21,Mobile,Net Banking,29.3,100.0,Completed,Yes,7,88.4,5.0,No,2026-09-05
STU00238,Ryan Sanchez,31.0,Female,Canada,CRS129,Data Science Masterclass Advanced,data science,3342.35,2026-05-23,,Wallet,13.8,67.2,In Progress,No,6,72.4,4.0,No,2026-09-08
STU01097,Nathan Watkins,35.0,Male,India,CRS132,IT & Software Masterclass Beginner,IT and Software,4891.7,2026-04-03,Desktop,UPI,7.7,62.5,In Progress,No,8,100.0,4.1,No,2026-04-26
STU01198,Joe Jones,22.0,Other,UK,CRS145,Graphic Design Masterclass Advanced,graphic design,1650.72,2025-12-28,Mobile,Debit Card,15.9,92.6,In Progress,No,8,70.1,4.9,No,2026-07-15
STU01456,Thomas Ramos,15.0,Female,USA,CRS198,IT & Software Masterclass Intermediate,IT & Software,3951.94,2026-05-31,Mobile,Net Banking,24.8,98.9,Completed,Yes,10,72.8,4.7,No,2026-06-07
STU01052,Ashley Olson,22.0,Female,UAE,CRS105,Cloud Computing Masterclass Advanced,Cloud Computing,2971.63,2026-08-06,Mobile,UPI,,100.0,Completed,Yes,12,65.0,4.5,No,2026-08-30
STU01403,Sean Nguyen,26.0,Male,Australia,CRS198,Business & Finance Masterclass Beginner,Business and Finance,2344.27,2025-11-12,Mobile,UPI,18.3,100.0,Completed,Yes,6,72.0,5.0,No,2026-03-31
STU00101,Anthony Gray,31.0,Male,Germany,CRS133,Web Development Masterclass Bootcamp,Web Dev,3579.64,2026-02-14,Mobile,Debit Card,11.6,48.9,In Progress,No,2,66.7,4.8,No,2026-03-15
STU00591,Barry Scott,40.0,Other,USA,CRS184,Digital Marketing Masterclass Bootcamp,Digital Marketing,2887.62,2025-11-04,Desktop,UPI,11.7,47.8,In Progress,No,2,82.9,3.2,No,2026-01-27
STU00333,Chloe Tran,27.0,Male,UK,CRS118,Business & Finance Masterclass Beginner,Business and Finance,2279.2,2025-09-24,Mobile,Net Banking,8.0,46.7,In Progress,No,2,63.9,3.8,No,2026-02-14
STU00987,Jeffery Pierce,28.0,Male,UK,CRS137,Web Development Masterclass Bootcamp,web dev,2012.91,2025-09-25,Mobile,Debit Card,9.9,66.8,In Progress,No,3,69.1,2.9,No,2026-02-07
STU00607,Joshua Arellano,40.0,Other,USA,CRS152,Cloud Computing Masterclass Intermediate,Cloud Computing,6164.47,2026-02-27,Desktop,UPI,15.9,78.4,In Progress,No,5,83.7,3.6,No,2026-03-16
STU00958,Jacqueline Christian,19.0,Male,India,CRS153,Digital Marketing Masterclass Intermediate,digital marketing,1541.32,2025-12-03,Mobile,UPI,7.4,35.4,In Progress,No,1,62.5,4.6,No,2026-05-26
STU00757,Sarah York,28.0,Other,India,CRS153,Digital Marketing Masterclass Beginner,digital marketing,2310.89,2025-06-27,Mobile,Net Banking,8.5,41.9,In Progress,No,1,87.9,5.0,No,2025-09-16
STU01080,Stephanie Dominguez,30.0,Male,India,CRS153,Digital Marketing Masterclass Advanced,Digital Marketing,2317.98,2026-06-27,Mobile,Wallet,6.8,36.1,In Progress,No,2,85.7,3.7,No,2026-08-12
STU00259,Kelsey Lucas,28.0,Other,Philippines,CRS148,Business & Finance Masterclass Beginner,Business and Finance,1192.02,2026-05-21,Desktop,Credit Card,6.3,30.7,In Progress,No,0,,3.5,No,2026-08-17
STU01236,Andrew Hood,35.0,Male,Singapore,CRS104,Graphic Design Masterclass Intermediate,Graphic Design,1555.96,2026-08-06,Desktop,Debit Card,7.0,27.3,In Progress,No,4,72.0,3.2,No,2026-08-19
STU01173,Jorge Lee,34.0,Male,India,CRS195,IT & Software Masterclass Bootcamp,IT & Software,3642.53,2025-11-04,Desktop,Net Banking,10.9,41.0,In Progress,No,4,75.4,3.5,No,2026-06-05
STU00871,Joseph Lopez,23.0,Male,Canada,CRS176,Cloud Computing Masterclass Advanced,cloud computing,2333.99,2025-06-24,Mobile,Debit Card,8.1,35.5,In Progress,No,4,78.3,4.0,No,2025-07-02
STU01407,Cheryl Montgomery,27.0,Other,India,CRS199,Business & Finance Masterclass Advanced,Business & Finance,1867.15,2026-01-03,Mobile,Credit Card,21.3,89.7,In Progress,No,8,68.9,4.4,No,2026-02-03
STU00860,Madison Elliott,22.0,Male,India,CRS123,Personal Development Masterclass Advanced,Personal Development,772.26,2025-06-18,Mobile,Debit Card,5.9,29.3,In Progress,No,1,74.8,3.3,No,2026-03-18
STU00438,Michael Guerrero,20.0,Male,Canada,CRS171,IT & Software Masterclass Bootcamp,IT and Software,4968.24,2025-09-18,Desktop,Wallet,17.1,97.7,Completed,Yes,6,83.0,4.2,No,2026-08-27
STU00553,Jason Herrera,18.0,Female,Nigeria,CRS176,IT & Software Masterclass Bootcamp,IT & Software,3812.29,2025-06-07,Mobile,Credit Card,7.2,39.6,In Progress,No,4,73.0,3.9,No,2025-08-22
STU00787,Brady Cole,32.0,Other,UK,CRS163,Web Development Masterclass Beginner,Web Development,1914.56,2026-03-26,Desktop,Net Banking,4.8,22.8,In Progress,No,1,60.3,3.0,No,2026-07-20
STU00073,Michael Smith,21.0,Male,India,CRS174,Cloud Computing Masterclass Bootcamp,cloud computing,5359.46,2025-10-04,Mobile,Debit Card,6.5,32.6,In Progress,No,1,81.3,2.9,No,2026-04-23
STU00770,Donna Marshall,41.0,Male,UAE,CRS108,Cloud Computing Masterclass Beginner,cloud computing,4476.59,2025-07-12,Mobile,Wallet,15.0,65.2,In Progress,No,6,59.7,4.5,No,2026-06-11
STU00085,Abigail Potter,27.0,Male,India,CRS172,Digital Marketing Masterclass Advanced,digital marketing,1502.02,2025-11-29,Mobile,UPI,10.2,54.7,In Progress,No,2,70.4,3.2,No,2026-02-08
STU00545,Matthew Sweeney,20.0,Male,India,CRS167,Web Development Masterclass Bootcamp,Web Dev,3340.02,2026-06-15,Desktop,Net Banking,6.9,39.2,In Progress,No,4,61.3,3.9,No,2026-09-13
STU01492,Gregory Silva,24.0,Other,Germany,CRS123,Digital Marketing Masterclass Advanced,Digital Marketing,1293.09,2025-05-27,Tablet,Credit Card,7.0,20.4,In Progress,No,3,73.0,3.8,No,2025-07-06
STU01168,Bridget Cunningham,28.0,Male,Philippines,CRS101,IT & Software Masterclass Beginner,IT and Software,4435.46,2026-07-20,Desktop,Debit Card,5.1,50.9,In Progress,No,5,72.3,3.5,No,2026-09-16
STU00755,Hailey Gutierrez,34.0,Male,USA,CRS184,IT & Software Masterclass Bootcamp,IT & Software,3264.8,2025-08-23,Tablet,Net Banking,17.2,68.0,In Progress,No,8,72.5,4.2,No,2026-06-11
STU01034,Samantha Thompson,19.0,Male,Nigeria,CRS164,Personal Development Masterclass Intermediate,Personal Development,1059.96,2026-01-19,Desktop,Debit Card,6.8,35.1,In Progress,No,2,56.5,3.9,No,2026-05-11
STU01312,Billy Tate,30.0,Other,India,CRS185,Digital Marketing Masterclass Advanced,Digital Marketing,1322.64,2025-12-15,Desktop,Net Banking,5.2,17.6,In Progress,No,1,74.9,2.8,No,2026-05-22
STU01224,John Ramirez,27.0,Male,Singapore,CRS194,Business & Finance Masterclass Beginner,Business & Finance,1099.4,2025-11-20,Desktop,Wallet,8.3,21.0,In Progress,No,2,64.9,4.0,No,2026-05-21
STU01347,Lisa Gregory,25.0,Female,UK,CRS195,Digital Marketing Masterclass Beginner,digital marketing,2774.75,2025-11-26,Desktop,UPI,14.0,89.3,In Progress,No,5,71.2,4.6,No,2026-04-18
STU00690,Anna Stanley,25.0,Female,UK,CRS173,Graphic Design Masterclass Advanced,Graphic Design,2620.63,2025-09-09,Desktop,,12.1,71.1,In Progress,No,4,74.6,4.3,No,2026-03-23
STU00369,Scott Prince,27.0,Male,Canada,CRS157,Cloud Computing Masterclass Advanced,Cloud Computing,3416.42,2026-01-06,Mobile,UPI,23.0,96.8,Completed,Yes,5,83.1,5.0,No,2026-07-18
STU00451,Vincent Novak,35.0,Male,USA,CRS122,Web Development Masterclass Intermediate,Web Dev,4991.15,2026-07-21,,Credit Card,4.5,9.0,Not Started,No,0,,,No,2026-08-01
STU00278,Eric Williams,23.0,Male,Canada,CRS148,Personal Development Masterclass Bootcamp,Personal Development,889.36,2025-12-16,Mobile,Debit Card,9.5,51.0,In Progress,No,1,81.1,3.0,No,2026-01-15
STU00715,Miss Tina Gordon,28.0,Male,UK,CRS150,Graphic Design Masterclass Beginner,Graphic Design,1208.05,2025-09-13,Mobile,Credit Card,11.9,77.5,In Progress,No,4,78.3,5.0,No,2026-05-19
STU01445,Margaret Hahn,29.0,Female,India,CRS139,Digital Marketing Masterclass Intermediate,Digital Marketing,2529.49,2026-01-02,Mobile,UPI,30.3,100.0,Completed,Yes,3,93.3,3.9,No,2026-04-29
STU01474,Benjamin Johnson,24.0,Other,Australia,CRS167,Data Science Masterclass Beginner,DataScience,4762.11,2025-06-22,Desktop,Credit Card,14.4,70.3,In Progress,No,3,71.1,4.3,No,2026-09-13
STU00853,Mercedes Miller,35.0,Other,USA,CRS192,Cloud Computing Masterclass Advanced,Cloud Computing,6954.01,2026-03-30,Mobile,Net Banking,46.3,89.4,In Progress,No,4,89.9,5.0,No,2026-07-21
STU00572,Ariel Sandoval,23.0,Other,Philippines,CRS167,Digital Marketing Masterclass Intermediate,digital marketing,1000.06,2026-04-19,Desktop,Credit Card,8.2,23.6,In Progress,No,2,74.3,2.5,No,2026-09-17
STU01151,Ana Mcclain,17.0,Male,India,CRS188,Data Science Masterclass Advanced,DataScience,3426.58,2026-07-20,Tablet,Credit Card,18.8,83.9,In Progress,No,12,83.4,4.7,No,2026-09-06
STU00686,Michael Roberson,28.0,Female,Germany,CRS116,IT & Software Masterclass Intermediate,IT & Software,3374.61,2025-10-01,Desktop,UPI,3.1,14.4,In Progress,No,1,73.6,2.8,No,2026-02-04
STU00133,Jeremy Dalton,31.0,Female,Singapore,CRS192,Web Development Masterclass Bootcamp,Web Development,3893.23,2025-07-13,Tablet,Net Banking,5.1,20.5,In Progress,No,2,55.9,2.0,No,2026-02-23
STU00092,Francisco Fernandez,29.0,Male,UK,CRS197,Personal Development Masterclass Beginner,Personal Development,1482.86,2025-04-28,Desktop,Net Banking,4.8,26.6,In Progress,No,1,69.9,4.5,No,2025-09-20
STU01306,Rebecca Brown,19.0,Female,USA,CRS146,Graphic Design Masterclass Intermediate,Graphic Design,1995.36,2025-06-05,Tablet,Credit Card,7.7,21.8,In Progress,No,2,70.6,3.7,No,2026-07-10
STU00594,Melissa Martin,15.0,Male,India,CRS110,Data Science Masterclass Bootcamp,Data Science,4679.89,2025-11-21,Desktop,Net Banking,8.7,44.7,In Progress,No,2,78.5,4.1,No,2026-08-08
STU00628,Ross Hood,30.0,Female,India,CRS187,IT & Software Masterclass Beginner,IT and Software,1850.87,2026-06-16,Tablet,Credit Card,3.2,24.5,In Progress,No,1,85.2,2.9,No,2026-06-18
STU00429,Daniel Parrish,39.0,Female,India,CRS113,Graphic Design Masterclass Beginner,graphic design,2765.79,2025-05-07,Desktop,Debit Card,7.6,45.2,In Progress,No,2,67.9,3.6,No,2026-01-25
STU01062,Brian Thompson,25.0,Female,USA,CRS182,Data Science Masterclass Beginner,Data Science,4014.07,2025-08-11,Mobile,Credit Card,0.9,6.1,Not Started,No,0,,,No,2026-07-22
STU01169,Monique Mccullough,30.0,Female,Singapore,CRS137,Cloud Computing Masterclass Beginner,Cloud Computing,5894.46,2026-06-30,Mobile,Credit Card,13.6,95.9,Completed,Yes,11,85.7,4.9,No,2026-08-04
STU00345,Ashley Smith,15.0,Female,India,CRS119,Personal Development Masterclass Intermediate,Personal Development,742.88,2026-03-05,Mobile,UPI,1.0,0.0,Not Started,No,0,,,No,2026-03-11
STU01311,Lauren Bonilla,24.0,Female,India,CRS142,Cloud Computing Masterclass Beginner,cloud computing,2790.31,2025-08-07,Mobile,Debit Card,21.8,100.0,Completed,Yes,5,84.6,4.0,No,2026-08-04
STU00820,Patricia Todd,31.0,Other,UAE,CRS180,Graphic Design Masterclass Advanced,graphic design,853.23,2026-03-12,Mobile,UPI,9.8,45.2,In Progress,No,5,78.0,3.2,No,2026-09-11
STU00823,Kelli Smith,15.0,Female,Canada,CRS102,Cloud Computing Masterclass Beginner,Cloud Computing,4594.45,2025-07-15,Desktop,Net Banking,9.0,37.3,In Progress,No,1,73.5,3.3,No,2025-11-27
STU00426,Martha Garrison,35.0,Female,UK,CRS146,Graphic Design Masterclass Bootcamp,graphic design,780.64,2025-07-13,Desktop,Net Banking,11.2,62.9,In Progress,No,8,68.4,3.9,No,2026-05-04
STU01290,Thomas Chavez,32.0,Male,India,CRS114,Personal Development Masterclass Intermediate,Personal Development,568.66,2025-05-18,Desktop,Debit Card,34.7,100.0,Completed,Yes,8,88.9,4.4,No,2026-05-03
STU00833,Michael Thompson,25.0,Female,Philippines,CRS160,Web Development Masterclass Intermediate,Web Dev,4651.38,2025-12-23,Desktop,Credit Card,12.3,54.4,In Progress,No,3,97.9,2.8,No,2026-05-07
STU00181,Robert Lawson,33.0,Other,Philippines,CRS151,Personal Development Masterclass Advanced,Personal Development,1389.83,2025-11-30,Tablet,Credit Card,9.2,49.4,In Progress,No,0,,3.8,No,2026-08-21
STU00697,April Davis,22.0,Female,USA,CRS182,Data Science Masterclass Beginner,Data Science,5140.4,2025-05-11,Desktop,UPI,8.5,50.3,In Progress,No,4,46.9,4.8,No,2025-12-01
STU00998,Alyssa Thompson,15.0,Female,UAE,CRS101,Personal Development Masterclass Beginner,Personal Development,734.39,2025-09-11,Desktop,UPI,2.2,13.5,In Progress,No,1,64.5,3.4,No,2026-06-07
STU00829,Pamela Weaver,27.0,Female,,CRS171,Graphic Design Masterclass Bootcamp,graphic design,1752.93,2026-03-03,Desktop,Credit Card,8.7,52.5,In Progress,No,4,68.7,2.3,No,2026-07-13
STU00107,Nicole Wilson,23.0,Female,Canada,CRS175,Data Science Masterclass Bootcamp,Data  Science,5423.03,2026-04-19,Mobile,Net Banking,3.9,20.5,In Progress,No,2,57.9,3.8,No,2026-05-14
STU00519,Vanessa Hatfield,32.0,Male,Germany,CRS121,Business & Finance Masterclass Intermediate,Business & Finance,1610.53,2025-12-02,Mobile,Debit Card,13.0,40.9,In Progress,No,2,59.7,4.2,No,2026-05-23
STU00704,Timothy Long,24.0,Female,USA,CRS102,Cloud Computing Masterclass Advanced,Cloud Computing,6029.85,2025-05-13,Desktop,UPI,19.6,69.7,In Progress,No,8,90.8,3.9,No,2026-03-10
STU00095,Shannon Cannon,29.0,Other,India,CRS160,Digital Marketing Masterclass Bootcamp,Digital Marketing,2630.7,2026-06-29,Desktop,Net Banking,7.3,45.4,In Progress,No,4,74.6,3.8,No,2026-08-15
STU00764,Julie Howard,34.0,Other,Germany,CRS184,Digital Marketing Masterclass Beginner,digital marketing,1454.48,2025-05-27,Desktop,Wallet,20.5,92.4,In Progress,No,0,,3.9,No,2026-05-13
STU01368,Angela Watson,29.0,Male,Germany,CRS160,Cloud Computing Masterclass Beginner,cloud computing,5619.84,2026-05-11,Desktop,Net Banking,25.3,93.5,In Progress,No,8,80.8,3.9,No,2026-06-24
STU01289,Jacob Valentine,42.0,Other,,CRS154,IT & Software Masterclass Bootcamp,IT & Software,3755.27,2025-10-26,Desktop,Credit Card,11.3,69.6,In Progress,No,4,82.1,4.4,No,2026-01-19
STU00376,Lisa Perry,28.0,Male,India,CRS112,Web Development Masterclass Bootcamp,Web Dev,1655.82,2025-05-27,Desktop,Credit Card,38.8,100.0,Completed,Yes,9,88.7,5.0,No,2025-08-08
STU00807,Abigail Davis,21.0,Female,Canada,CRS157,Business & Finance Masterclass Intermediate,Business and Finance,1809.39,2026-03-19,Desktop,Wallet,3.4,18.7,In Progress,No,1,34.7,2.9,No,2026-04-17
STU00027,Theresa Miller,15.0,Male,India,CRS169,Personal Development Masterclass Bootcamp,Personal Development,1571.89,2025-08-24,Mobile,Credit Card,3.1,23.6,In Progress,No,3,61.0,2.6,No,2025-09-15
STU00708,Karen Romero,26.0,Other,Germany,CRS114,Digital Marketing Masterclass Intermediate,Digital Marketing,2277.01,2025-04-13,Desktop,Debit Card,19.3,77.3,In Progress,No,4,70.1,3.6,No,2026-08-15
STU00939,Alicia Dillon,21.0,Male,USA,CRS187,Graphic Design Masterclass Beginner,Graphic Design,1067.49,2026-06-02,Tablet,UPI,11.1,70.5,In Progress,No,9,80.7,4.4,No,2026-08-12
STU01411,Andrew Atkins,31.0,Female,UAE,CRS125,Personal Development Masterclass Intermediate,Personal Development,1743.12,2026-05-10,Desktop,UPI,222.0,100.0,Completed,Yes,3,91.2,3.4,No,2026-07-28
STU01441,Juan Keller MD,25.0,Female,USA,CRS159,Data Science Masterclass Bootcamp,Data  Science,4746.6,2026-06-11,Mobile,Net Banking,6.5,51.9,In Progress,No,4,89.6,4.8,No,2026-08-06
STU01360,Anthony Rich,27.0,Male,USA,CRS180,Personal Development Masterclass Advanced,Personal Development,950.87,2025-07-30,Desktop,UPI,4.9,34.6,In Progress,No,0,,3.7,No,2025-12-18
STU00346,Jennifer Hampton,15.0,Female,USA,CRS149,Graphic Design Masterclass Advanced,Graphic Design,2085.35,2025-08-28,Desktop,Credit Card,2.7,6.0,Not Started,No,2,68.3,,No,2025-10-25
STU01413,Christopher Thomas,15.0,Female,Singapore,CRS120,IT & Software Masterclass Beginner,IT and Software,4395.48,2025-07-29,Tablet,Debit Card,5.4,21.8,In Progress,No,1,64.3,2.5,No,2025-09-14
STU00233,Paul Thompson,26.0,Male,UK,CRS186,Data Science Masterclass Bootcamp,Data  Science,3664.01,2025-07-29,Mobile,Credit Card,5.0,28.6,In Progress,No,3,62.9,4.2,No,2025-12-12
STU01412,Scott Stewart,39.0,Male,India,CRS105,Digital Marketing Masterclass Intermediate,Digital Marketing,838.76,2025-03-31,Mobile,Credit Card,5.1,18.3,In Progress,No,1,75.0,3.1,No,2025-11-20
STU00858,John Proctor,31.0,Male,India,CRS168,Data Science Masterclass Advanced,Data  Science,2465.06,2026-02-25,Desktop,Wallet,9.7,48.7,In Progress,No,4,88.7,3.0,No,2026-08-20
STU00567,Curtis Wilkerson,22.0,Female,Germany,CRS194,Business & Finance Masterclass Beginner,Business & Finance,3242.96,2025-04-19,Mobile,Net Banking,,100.0,Completed,Yes,6,70.2,5.0,No,2025-09-10
STU01057,Nicholas Fisher,30.0,Female,India,CRS196,Business & Finance Masterclass Intermediate,Business and Finance,2235.88,2025-11-16,Mobile,Wallet,5.1,25.7,In Progress,No,5,55.2,3.0,No,2026-04-21
STU00696,Jonathan Valdez,,Other,Singapore,CRS186,Graphic Design Masterclass Beginner,graphic design,1281.75,2026-06-04,Desktop,Credit Card,8.1,48.7,In Progress,No,2,61.2,2.8,No,2026-07-21
STU01498,Michael Bolton,36.0,Male,India,CRS141,Web Development Masterclass Beginner,web dev,3395.72,2026-05-14,Desktop,Credit Card,9.5,30.4,In Progress,No,3,86.5,3.3,No,2026-08-08
STU01115,Aaron Young,24.0,Female,UK,CRS152,Data Science Masterclass Advanced,Data  Science,4757.08,2026-02-06,Desktop,Net Banking,20.7,100.0,Completed,Yes,7,59.2,4.6,No,2026-07-31
STU00289,Virginia Daniels,21.0,Male,USA,CRS181,IT & Software Masterclass Advanced,IT and Software,2018.72,2025-04-09,Mobile,Net Banking,5.1,15.6,In Progress,No,0,,3.6,No,2026-08-13
STU00310,Lisa Miller,23.0,Male,Germany,CRS161,Cloud Computing Masterclass Beginner,Cloud Computing,2263.83,2025-09-25,Desktop,Net Banking,8.9,37.5,In Progress,No,3,69.7,3.8,No,2026-07-09
STU01459,James Pope,36.0,Female,UAE,CRS146,Personal Development Masterclass Intermediate,Personal Development,1286.78,2026-01-22,Mobile,UPI,5.9,42.1,In Progress,No,2,84.4,3.0,No,2026-06-28
STU01376,Patrick Blankenship,31.0,Male,Canada,CRS127,Digital Marketing Masterclass Intermediate,digital marketing,2109.99,2026-03-06,Desktop,UPI,1.9,36.7,In Progress,No,4,97.3,3.3,No,2026-06-22
STU00365,Ashley Bird,,Male,India,CRS170,Personal Development Masterclass Intermediate,Personal Development,932.28,2026-06-15,Mobile,Debit Card,10.0,45.5,In Progress,No,1,81.8,3.8,No,2026-06-15
STU00284,Richard Cooper,34.0,Female,USA,CRS190,Graphic Design Masterclass Bootcamp,Graphic Design,1278.11,2026-08-08,Mobile,Net Banking,24.4,100.0,Completed,Yes,6,100.0,4.8,No,2026-08-18
STU00803,Mr. Justin King,24.0,Other,Nigeria,CRS105,Cloud Computing Masterclass Bootcamp,cloud computing,4791.92,2025-10-18,Desktop,Credit Card,8.6,44.6,In Progress,No,0,,4.1,No,2026-07-07
STU00890,Ronald Rocha,15.0,Other,India,CRS175,Cloud Computing Masterclass Advanced,Cloud Computing,4041.11,2025-09-14,Mobile,Wallet,5.8,29.5,In Progress,No,2,88.6,3.9,No,2026-06-11
STU00079,Kevin Pena,21.0,Female,Nigeria,CRS180,Digital Marketing Masterclass Beginner,Digital Marketing,982.16,2025-03-19,Mobile,Credit Card,2.5,16.4,In Progress,No,0,,4.1,No,2025-08-23
STU01105,Robert Walker PhD,24.0,Male,Nigeria,CRS127,Data Science Masterclass Bootcamp,Data Science,4455.7,2026-05-15,Mobile,Net Banking,8.5,52.4,In Progress,No,4,67.9,3.2,No,2026-05-28
STU00502,Caleb Mathews,33.0,Other,India,CRS162,Cloud Computing Masterclass Advanced,Cloud Computing,5913.73,2025-05-09,Desktop,Wallet,24.9,93.2,In Progress,No,5,89.3,4.5,No,2026-06-02
STU01217,Benjamin Randall,32.0,Female,Australia,CRS170,Cloud Computing Masterclass Beginner,Cloud Computing,4318.66,2025-08-16,Desktop,Net Banking,11.7,48.0,In Progress,No,2,65.7,3.7,No,2026-07-22
STU01126,Nathan Chen,18.0,Male,India,CRS175,Digital Marketing Masterclass Advanced,Digital Marketing,2088.13,2025-11-09,Mobile,Credit Card,5.9,41.9,In Progress,No,4,69.5,4.0,No,2026-03-10
STU00528,Patrick Yang,22.0,Other,Canada,CRS168,Cloud Computing Masterclass Advanced,Cloud Computing,5962.7,2025-11-08,Mobile,Credit Card,7.1,36.6,In Progress,No,3,70.8,3.4,No,2026-05-18
STU00222,Renee Bruce,25.0,Male,Nigeria,CRS123,Digital Marketing Masterclass Bootcamp,digital marketing,1689.44,2025-09-25,Mobile,Net Banking,0.3,1.1,Not Started,No,0,,,No,2026-06-25
STU01090,Ryan Norman,34.0,Male,Nigeria,CRS150,Data Science Masterclass Advanced,data science,1957.07,2026-07-17,Mobile,UPI,11.3,75.9,In Progress,No,5,82.2,3.7,No,2026-08-16
STU01253,Keith Sims,22.0,Other,India,CRS110,Business & Finance Masterclass Bootcamp,Business & Finance,1212.72,2026-01-30,Mobile,Wallet,26.8,99.8,Completed,Yes,9,77.1,4.0,No,2026-07-26
STU00877,Jessica Rojas,25.0,Female,Singapore,CRS181,Data Science Masterclass Advanced,DataScience,1863.51,2026-04-20,Desktop,Debit Card,15.6,57.7,In Progress,No,2,100.0,3.6,No,2026-05-27
STU00500,Gail Lane,15.0,Male,Germany,CRS131,Cloud Computing Masterclass Intermediate,cloud computing,4037.04,2025-07-06,Desktop,Debit Card,6.4,28.0,In Progress,No,2,65.2,3.1,No,2025-10-31
STU00282,Joseph Romero,41.0,Female,USA,CRS103,Cloud Computing Masterclass Advanced,cloud computing,6322.17,2025-05-02,Desktop,Wallet,20.2,81.0,In Progress,No,8,81.5,3.3,No,2026-09-05
STU00495,Jason Hayes,20.0,Other,India,CRS168,Personal Development Masterclass Beginner,Personal Development,1858.87,2025-11-27,Mobile,Credit Card,21.9,99.8,Completed,Yes,7,69.0,5.0,No,2026-05-16
STU00947,Lisa Garrett,22.0,Male,Canada,CRS125,Graphic Design Masterclass Bootcamp,Graphic Design,2768.37,2025-05-03,Mobile,UPI,7.1,38.7,In Progress,No,0,,3.3,No,2025-11-11
STU00038,Jerry Henderson,32.0,Male,India,CRS126,Personal Development Masterclass Intermediate,Personal Development,1375.05,2026-06-07,Desktop,Credit Card,9.2,60.2,In Progress,No,3,77.9,4.5,No,2026-07-02
STU00707,Jonathan Moreno,34.0,Male,India,CRS120,IT & Software Masterclass Advanced,IT and Software,2098.2,2026-02-22,Mobile,Debit Card,69.8,90.0,In Progress,No,6,88.4,4.1,No,2026-09-08
STU00994,Bailey Charles,19.0,Other,India,CRS126,Cloud Computing Masterclass Intermediate,Cloud Computing,6274.63,2025-03-19,Desktop,UPI,4.9,21.0,In Progress,No,0,,3.7,No,2025-04-01
STU00489,Mackenzie Martin,35.0,Male,USA,CRS160,IT & Software Masterclass Beginner,IT and Software,4655.66,2026-01-16,Desktop,Credit Card,16.0,85.4,In Progress,No,6,88.0,3.8,No,2026-04-11
STU01190,Dominic Barnes,32.0,Male,Singapore,CRS139,Cloud Computing Masterclass Intermediate,Cloud Computing,5035.14,2026-06-16,Desktop,Debit Card,6.6,33.3,In Progress,No,3,74.5,3.8,No,2026-06-28
STU01235,Lisa Gomez,18.0,Male,USA,CRS163,Business & Finance Masterclass Advanced,Business & Finance,3167.95,2025-10-07,Mobile,UPI,17.9,81.3,In Progress,No,4,55.3,5.0,No,2026-03-27
STU00647,Sarah Pittman,34.0,Female,Australia,CRS121,Digital Marketing Masterclass Bootcamp,Digital Marketing,1010.66,2026-06-30,Mobile,Net Banking,11.0,68.7,In Progress,No,3,76.5,4.8,No,2026-08-22
STU00106,Claudia Lyons,29.0,Female,Singapore,CRS158,Personal Development Masterclass Intermediate,Personal Development,1702.59,2025-05-23,Mobile,Net Banking,16.3,89.2,In Progress,No,6,94.2,3.9,No,2026-04-11
STU00982,Charles Delgado,23.0,Other,USA,CRS181,Graphic Design Masterclass Advanced,graphic design,843.54,2026-01-01,Desktop,Credit Card,1.5,16.3,In Progress,No,1,57.9,4.5,Yes,2026-08-03
STU00734,Daniel Rivera,36.0,Male,Australia,CRS104,Web Development Masterclass Beginner,Web Development,2397.03,2025-12-21,Desktop,Credit Card,15.3,63.4,In Progress,No,2,71.3,4.8,No,2026-01-14
STU00972,Michael Meadows,19.0,Female,Canada,CRS130,Cloud Computing Masterclass Bootcamp,cloud computing,2745.48,2025-07-01,Mobile,UPI,9.2,63.8,In Progress,No,2,83.2,4.8,No,2026-01-18
STU00126,Darren White,39.0,Other,UK,CRS105,Cloud Computing Masterclass Advanced,cloud computing,6199.31,2025-08-12,Mobile,Debit Card,8.0,56.7,In Progress,No,5,66.3,5.0,No,2025-09-21
STU00859,Wayne Wolfe,44.0,Female,UAE,CRS103,Personal Development Masterclass Beginner,Personal Development,571.95,2025-12-23,Mobile,Net Banking,8.9,44.0,In Progress,No,1,83.6,3.0,No,2026-03-06
STU01031,Robert Garza,30.0,Other,USA,CRS136,Digital Marketing Masterclass Advanced,Digital Marketing,2901.91,2026-08-04,Mobile,Debit Card,6.3,40.4,In Progress,No,2,70.4,3.4,No,2026-08-21
STU00951,Brianna Fitzpatrick,26.0,Male,USA,CRS124,Personal Development Masterclass Advanced,Personal Development,698.87,2025-05-27,Mobile,Net Banking,2.2,4.5,Not Started,No,0,,,No,2026-09-15
STU01316,Mary Tapia,43.0,Male,Canada,CRS187,Digital Marketing Masterclass Beginner,Digital Marketing,2719.65,2026-01-20,Mobile,Debit Card,3.5,37.9,In Progress,No,2,79.0,3.8,No,2026-01-21
STU00385,Timothy Johnson,23.0,Female,Germany,CRS173,IT & Software Masterclass Intermediate,IT & Software,2864.98,2026-08-14,Desktop,UPI,33.2,95.2,Completed,No,6,87.0,3.5,No,2026-09-15
STU00895,Martin Rodriguez,33.0,Male,Canada,CRS142,Web Development Masterclass Advanced,Web Dev,4446.22,2025-12-29,Desktop,Net Banking,7.3,25.9,In Progress,No,2,86.0,4.1,No,2026-06-08
STU00162,Patrick Thornton,26.0,Female,Philippines,CRS173,Graphic Design Masterclass Intermediate,graphic design,831.57,2025-07-17,Desktop,Debit Card,0.5,9.4,Not Started,No,1,69.8,,No,2026-06-13
STU01096,Bradley Chen,29.0,Female,India,CRS135,Business & Finance Masterclass Beginner,Business and Finance,2361.8,2026-06-25,Mobile,UPI,21.2,79.8,In Progress,No,4,80.9,4.9,No,2026-08-17
STU00490,Anthony Bell,24.0,Female,India,CRS151,Web Development Masterclass Beginner,Web Dev,3123.33,2025-05-29,Mobile,Credit Card,12.2,69.4,In Progress,No,9,87.7,4.0,No,2025-09-04
STU00712,Jason Graves,25.0,Other,Canada,CRS114,Cloud Computing Masterclass Advanced,cloud computing,4009.76,2026-08-02,Desktop,Net Banking,7.7,45.1,In Progress,No,4,58.6,3.5,No,2026-08-23
STU01261,Kyle Camacho,21.0,Female,India,CRS155,Cloud Computing Masterclass Intermediate,cloud computing,3366.56,2025-03-29,Mobile,Credit Card,11.2,41.2,In Progress,No,1,78.1,3.4,No,2026-07-04
STU00374,Michele Collins,29.0,Other,USA,CRS133,Personal Development Masterclass Beginner,Personal Development,1769.19,2025-10-14,Tablet,Debit Card,12.2,72.2,In Progress,No,3,84.9,3.6,No,2026-04-02
STU00442,Justin Russell,17.0,Female,India,CRS132,Personal Development Masterclass Beginner,Personal Development,1556.05,2025-05-26,Mobile,Debit Card,6.1,22.1,In Progress,No,3,67.1,3.1,No,2025-08-23
STU00632,Nicole Barker,24.0,Male,USA,CRS171,Digital Marketing Masterclass Advanced,digital marketing,1035.38,2025-09-15,Mobile,Credit Card,16.7,62.1,In Progress,No,1,59.6,3.7,No,2025-11-14
STU00811,Matthew Lara,23.0,Female,UK,CRS165,Graphic Design Masterclass Bootcamp,graphic design,1399.12,2026-02-13,Desktop,Credit Card,3.1,11.4,In Progress,No,1,96.2,3.9,No,2026-05-19
STU01156,Travis Newman,40.0,Female,India,CRS140,Cloud Computing Masterclass Beginner,cloud computing,3701.59,2025-04-20,Desktop,Wallet,5.3,17.8,In Progress,No,1,65.7,3.8,No,2026-07-13
STU00640,Elizabeth Rodriguez,22.0,Female,UK,CRS160,Digital Marketing Masterclass Advanced,Digital Marketing,897.12,2025-09-28,Mobile,Wallet,6.9,36.3,In Progress,No,3,63.2,3.8,No,2026-05-15
STU01021,Lisa Edwards,35.0,Female,UK,CRS151,Digital Marketing Masterclass Bootcamp,Digital Marketing,1447.57,2026-01-19,Tablet,Wallet,5.1,21.7,In Progress,No,2,79.2,3.4,No,2026-08-09
STU01053,Victoria Terrell,18.0,Other,India,CRS106,Business & Finance Masterclass Beginner,Business & Finance,3105.59,2026-03-10,Desktop,Debit Card,11.6,49.5,In Progress,No,2,69.5,2.5,No,2026-04-06
STU00375,Lucas Robinson,19.0,Female,UK,CRS101,Web Development Masterclass Beginner,Web Development ,4273.54,2025-05-18,Desktop,UPI,7.4,43.2,In Progress,No,5,73.7,2.4,No,2026-08-08
STU00724,Emily Arnold,21.0,Other,Germany,CRS133,Cloud Computing Masterclass Beginner,cloud computing,6317.89,2025-10-05,Desktop,Wallet,8.5,44.4,In Progress,No,4,51.0,4.1,No,2026-09-02
STU01106,Miss Erika Daugherty,21.0,Other,USA,CRS108,Graphic Design Masterclass Beginner,graphic design,1192.54,2025-10-25,Mobile,Debit Card,12.7,37.1,In Progress,No,2,72.3,3.4,No,2026-07-18
STU00767,Jonathon Johnson,36.0,Female,Germany,CRS124,Business & Finance Masterclass Intermediate,Business & Finance,1059.05,2025-04-27,Mobile,Debit Card,3.6,24.8,In Progress,No,4,69.3,4.5,No,2025-06-04
STU00977,Randy Griffin,30.0,Female,USA,CRS112,Personal Development Masterclass Beginner,Personal Development,653.88,2026-03-22,Tablet,Net Banking,25.1,100.0,Completed,Yes,4,86.2,4.2,No,2026-06-05
STU00119,Travis Miller,19.0,Female,Canada,CRS147,Personal Development Masterclass Beginner,Personal Development,1094.26,2026-03-16,Tablet,UPI,2.5,1.1,Not Started,No,0,,,No,2026-05-06
STU00899,Christine Henry,23.0,Male,India,CRS143,IT & Software Masterclass Beginner,IT & Software,3925.83,2026-01-26,Mobile,Debit Card,2.8,11.6,In Progress,No,0,,3.6,Yes,2026-02-11
STU00802,Michael Fischer,31.0,Female,USA,CRS110,Business & Finance Masterclass Beginner,Business and Finance,3188.82,2025-10-23,Tablet,Credit Card,18.2,100.0,Completed,Yes,2,99.0,3.9,No,2026-02-20
STU01458,Paul Hall,18.0,Female,UAE,CRS163,IT & Software Masterclass Intermediate,IT & Software,4859.43,2025-08-18,Mobile,Credit Card,24.3,100.0,Completed,Yes,8,85.5,4.8,No,2026-01-16
STU01201,Courtney Vincent,25.0,Male,India,CRS163,IT & Software Masterclass Bootcamp,IT and Software,2965.21,2026-03-21,Desktop,Debit Card,37.8,100.0,Completed,Yes,6,93.8,4.8,No,2026-03-26
STU00825,Hayden Shannon,33.0,Other,Germany,CRS120,Digital Marketing Masterclass Advanced,Digital Marketing,1243.22,2025-04-27,Tablet,UPI,17.4,89.7,In Progress,No,5,83.9,4.4,No,2026-08-14
STU00415,Dawn Underwood,15.0,Female,USA,CRS193,Digital Marketing Masterclass Intermediate,Digital Marketing,1494.17,2025-12-02,Mobile,Wallet,17.4,68.7,In Progress,No,10,75.6,3.5,No,2026-06-09
STU00856,Ellen Wright,32.0,Other,Canada,CRS115,Digital Marketing Masterclass Beginner,Digital Marketing,2723.45,2025-06-07,Desktop,UPI,10.2,49.2,In Progress,No,7,62.1,5.0,No,2026-04-09
STU00805,Michael Martin,31.0,Female,India,CRS126,Personal Development Masterclass Beginner,Personal Development,1407.41,2026-02-22,Mobile,Net Banking,7.2,20.0,In Progress,No,5,69.8,2.9,No,2026-07-27
STU00128,Katherine Salas,28.0,Female,Canada,CRS174,Web Development Masterclass Beginner,Web Dev,2685.44,2026-03-14,Mobile,UPI,9.3,70.6,In Progress,No,5,82.8,3.7,No,2026-04-06
STU01374,Amy Welch,38.0,Male,India,CRS172,Business & Finance Masterclass Beginner,Business and Finance,1363.15,2026-02-23,Mobile,Debit Card,10.9,54.8,In Progress,No,5,60.3,4.0,No,2026-07-05
STU01379,Jennifer Gonzalez,16.0,Female,Singapore,CRS139,Cloud Computing Masterclass Intermediate,Cloud Computing,3399.65,2026-03-14,Mobile,Credit Card,16.1,68.1,In Progress,No,8,70.9,3.7,No,2026-08-27
STU00573,Amy Davies,31.0,Female,Germany,CRS138,IT & Software Masterclass Bootcamp,IT & Software,1767.96,2025-08-03,Mobile,UPI,8.4,46.1,In Progress,No,3,76.4,3.4,No,2026-07-04
STU01091,Troy Meyers,27.0,Other,USA,CRS164,IT & Software Masterclass Bootcamp,IT & Software,2925.67,2026-04-29,Mobile,Credit Card,22.1,100.0,Completed,Yes,6,85.6,4.9,No,2026-07-14
STU00936,Kevin Alvarado,37.0,Other,Australia,CRS191,Digital Marketing Masterclass Beginner,Digital Marketing,2640.24,2025-05-31,Desktop,Debit Card,23.2,95.7,Completed,Yes,4,82.1,4.4,No,2026-04-27
STU00673,Joseph Harris,26.0,Female,India,CRS127,IT & Software Masterclass Bootcamp,IT & Software,5112.39,2025-06-29,Desktop,Wallet,11.0,56.3,In Progress,No,7,73.4,4.2,No,2025-09-26
STU00400,Megan Floyd,25.0,Female,Australia,CRS181,Digital Marketing Masterclass Intermediate,digital marketing,2051.7,2025-11-30,Desktop,Debit Card,16.4,92.3,In Progress,No,10,100.0,3.8,No,2026-09-09
STU00779,Terry Black,35.0,Female,Germany,CRS164,Cloud Computing Masterclass Bootcamp,Cloud Computing,6069.15,2026-05-24,Desktop,Credit Card,16.1,100.0,Completed,Yes,9,75.1,4.0,No,2026-07-23
STU00552,Richard Richards,15.0,Other,India,CRS198,Personal Development Masterclass Bootcamp,Personal Development,1398.52,2025-08-06,Mobile,Wallet,21.1,75.6,In Progress,No,5,57.4,4.3,No,2025-09-05
STU00565,Stephen Johnson,26.0,Female,Canada,CRS129,Business & Finance Masterclass Intermediate,Business & Finance,3785.52,2025-07-08,Tablet,Net Banking,31.4,100.0,Completed,Yes,5,70.1,3.6,No,2025-09-27
STU00175,Robert Santana,35.0,Male,India,CRS125,Cloud Computing Masterclass Intermediate,Cloud Computing,6207.24,2025-07-28,Desktop,Net Banking,13.5,48.6,In Progress,No,2,69.1,3.8,No,2025-11-11
STU00321,Kathleen Burton,23.0,Other,Nigeria,CRS155,Business & Finance Masterclass Bootcamp,Business & Finance,3605.23,2026-04-19,Mobile,Debit Card,9.0,39.7,In Progress,No,0,,2.4,No,2026-06-21
STU00525,Kimberly Myers,17.0,Other,USA,CRS128,Graphic Design Masterclass Bootcamp,graphic design,2696.06,2025-12-08,Mobile,Net Banking,3.2,4.0,Not Started,No,0,,,No,2026-02-03
STU00470,Jessica Johnson,30.0,Female,Singapore,CRS166,Personal Development Masterclass Bootcamp,Personal Development,1729.52,2025-10-14,Mobile,UPI,18.2,59.5,In Progress,No,6,69.7,3.7,No,2025-12-15
STU01369,Brittany Molina,37.0,Female,Singapore,CRS168,Web Development Masterclass Bootcamp,Web Development,1703.5,2026-04-13,Mobile,Wallet,12.6,76.6,In Progress,No,5,96.7,4.3,No,2026-06-08
STU01430,William Peterson,25.0,Other,India,CRS138,Personal Development Masterclass Advanced,Personal Development,1367.77,2026-04-12,Mobile,Debit Card,14.6,74.9,In Progress,No,7,59.0,4.0,No,2026-06-22
STU01335,Lindsey Savage,33.0,Female,India,CRS149,Graphic Design Masterclass Intermediate,Graphic Design,1762.32,2025-06-23,Mobile,Net Banking,10.9,30.7,In Progress,No,1,80.6,3.0,No,2025-09-14
STU00080,John Santana,20.0,Other,Nigeria,CRS197,Digital Marketing Masterclass Intermediate,digital marketing,1453.67,2025-11-14,Mobile,Debit Card,4.3,37.6,In Progress,No,3,79.8,2.7,No,2026-03-30
STU00534,Kenneth Sharp,23.0,Other,Germany,CRS181,IT & Software Masterclass Intermediate,IT and Software,5183.03,2025-09-25,Desktop,Wallet,19.9,100.0,Completed,Yes,5,82.9,4.7,No,2025-12-25
STU01042,Samantha Howard,15.0,Male,India,CRS160,Data Science Masterclass Intermediate,Data  Science,4343.96,2025-12-27,Desktop,UPI,8.4,45.9,In Progress,No,5,67.8,3.2,No,2026-01-10
STU00458,Rachel Ward,27.0,Male,Canada,CRS172,Digital Marketing Masterclass Intermediate,Digital Marketing,2648.77,2026-07-07,Mobile,Credit Card,5.9,24.6,In Progress,No,2,62.8,2.4,No,2026-08-26
STU00291,Jacob Preston,29.0,Female,India,CRS118,Web Development Masterclass Intermediate,Web Development ,2239.83,2026-06-09,Mobile,Debit Card,4.1,18.3,In Progress,No,1,58.7,3.2,No,2026-07-12
STU00371,Dean Young,21.0,Other,USA,CRS149,Web Development Masterclass Advanced,Web Development ,1724.88,2025-05-30,Desktop,Debit Card,10.0,60.8,In Progress,No,5,77.6,4.0,No,2025-10-31
STU00266,Joseph Collins,15.0,Female,India,CRS184,Business & Finance Masterclass Bootcamp,Business and Finance,2622.72,2025-08-13,Desktop,Net Banking,21.0,100.0,Completed,Yes,7,74.3,4.3,No,2026-06-09
STU00589,William Jackson,23.0,Male,USA,CRS111,Cloud Computing Masterclass Beginner,cloud computing,6438.76,2025-05-30,Desktop,Debit Card,6.5,46.8,In Progress,No,0,,3.7,No,2026-05-19
STU00478,Cody Reid,46.0,Male,Germany,CRS108,Digital Marketing Masterclass Advanced,Digital Marketing,2816.86,2025-10-21,Mobile,Net Banking,6.1,46.3,In Progress,No,3,69.6,3.9,No,2025-12-05
STU00165,Joyce Bowen,120.0,Male,India,CRS111,Business & Finance Masterclass Beginner,Business & Finance,1344.31,2026-06-13,Tablet,Debit Card,7.9,48.6,In Progress,No,2,59.5,3.7,No,2026-07-25
STU01288,Caroline Morales,42.0,Other,India,CRS183,Data Science Masterclass Advanced,data science,4238.57,2026-08-04,Desktop,Net Banking,19.2,100.0,Completed,Yes,9,81.6,3.6,No,2026-08-12
STU00094,Daniel Fisher,32.0,Other,India,CRS159,Digital Marketing Masterclass Advanced,Digital Marketing,2641.43,2025-10-15,Mobile,Debit Card,20.7,100.0,Completed,Yes,6,99.5,4.0,No,2026-04-16
STU00474,Linda Carr,19.0,Female,Germany,CRS175,Graphic Design Masterclass Bootcamp,Graphic Design,896.47,2026-06-07,Mobile,Net Banking,8.2,37.7,In Progress,No,2,78.4,2.8,No,2026-07-31
STU00198,Savannah Garcia,26.0,Other,India,CRS144,Graphic Design Masterclass Advanced,graphic design,2565.65,2025-09-26,Desktop,UPI,11.9,55.5,In Progress,No,3,58.3,4.8,No,2026-03-03
STU00186,Sandra Scott,15.0,Other,Singapore,CRS109,Graphic Design Masterclass Advanced,graphic design,1982.64,2026-08-03,Mobile,Credit Card,4.5,12.2,In Progress,No,0,,3.8,No,2026-08-27
STU00996,Douglas Tyler,26.0,Female,Philippines,CRS165,Data Science Masterclass Beginner,Data  Science,3165.02,2026-02-11,Mobile,Credit Card,6.3,25.9,In Progress,No,0,,3.6,No,2026-02-13
STU00422,Alicia Li,32.0,Male,India,CRS182,Cloud Computing Masterclass Advanced,cloud computing,6647.02,2025-12-17,Mobile,Wallet,15.4,59.5,In Progress,No,2,93.1,4.4,No,2026-03-02
STU00452,Kenneth Sanchez MD,34.0,Female,USA,CRS186,Web Development Masterclass Intermediate,Web Development,4378.24,2025-08-16,Mobile,Net Banking,19.2,96.0,Completed,No,6,97.1,5.0,No,2026-05-19
STU00257,Kurt Hurley,30.0,Male,India,CRS132,Data Science Masterclass Bootcamp,Data  Science,5697.2,2026-08-01,Mobile,Debit Card,2.6,12.6,In Progress,No,2,65.3,2.8,Yes,2026-09-03
STU00136,Jerry Wheeler,27.0,Male,India,CRS123,Business & Finance Masterclass Beginner,Business & Finance,3897.47,2025-06-16,Desktop,UPI,14.7,67.4,In Progress,No,3,54.8,4.9,No,2025-07-20
STU01200,Pamela Peterson,26.0,Other,Canada,CRS116,Personal Development Masterclass Bootcamp,Personal Development,1773.13,2026-05-15,Desktop,Wallet,32.7,100.0,Completed,Yes,5,80.7,4.9,No,2026-09-04
STU00959,Andrew Duran,34.0,Female,India,CRS104,IT & Software Masterclass Bootcamp,IT & Software,4619.85,2025-11-28,Tablet,Credit Card,17.7,81.9,In Progress,No,11,81.0,4.7,No,2026-01-07
STU00052,Jaclyn Moore,27.0,Male,India,CRS115,Web Development Masterclass Bootcamp,Web Development ,2900.17,2026-07-14,Tablet,Wallet,2.0,11.4,In Progress,No,0,,2.8,Yes,2026-09-10
STU00955,Ashley Lopez,29.0,Other,Canada,CRS102,Cloud Computing Masterclass Bootcamp,cloud computing,6910.2,2026-07-14,Mobile,Debit Card,17.0,100.0,Completed,Yes,9,81.0,4.3,No,2026-08-01
STU00584,Melissa Mcfarland,22.0,Male,USA,CRS148,IT & Software Masterclass Bootcamp,IT and Software,1675.52,2026-02-17,Desktop,Wallet,10.6,47.5,In Progress,No,2,70.1,3.4,No,2026-03-26
STU01104,Christopher Garza,32.0,Female,USA,CRS127,Cloud Computing Masterclass Beginner,cloud computing,3099.62,2025-08-24,Mobile,Net Banking,6.3,20.0,In Progress,No,2,59.0,3.7,No,2026-06-29
STU01355,Mary Anderson,34.0,Other,Germany,CRS184,Cloud Computing Masterclass Intermediate,Cloud Computing,3427.29,2026-02-03,Desktop,UPI,,85.2,In Progress,No,8,81.7,4.2,No,2026-04-08
STU01404,David Foster,39.0,Female,USA,CRS190,Graphic Design Masterclass Intermediate,graphic design,2133.15,2026-05-06,Mobile,UPI,11.8,42.6,In Progress,No,3,78.5,3.7,No,2026-08-03
STU00050,Angel Ellis,35.0,Other,India,CRS131,Web Development Masterclass Intermediate,Web Development ,4519.6,2025-08-21,Desktop,Debit Card,18.2,60.1,In Progress,No,2,100.0,3.7,No,2025-12-23
STU00342,John Coffey,21.0,Male,India,CRS182,Data Science Masterclass Beginner,Data Science,1756.62,2026-03-28,Desktop,UPI,10.7,68.9,In Progress,No,3,100.0,5.0,No,2026-07-25
STU00798,Diane Mcdowell,27.0,Male,USA,CRS163,Graphic Design Masterclass Intermediate,Graphic Design,2743.08,2025-11-20,Mobile,Net Banking,10.8,46.8,In Progress,No,1,51.4,4.1,No,2026-01-29
STU00970,Melissa Taylor,36.0,Other,Australia,CRS174,Cloud Computing Masterclass Bootcamp,Cloud Computing,6222.03,2025-05-16,Mobile,UPI,30.1,97.2,Completed,No,9,81.2,5.0,No,2026-06-01
STU00527,Brandon Hamilton,31.0,Female,India,CRS181,Business & Finance Masterclass Advanced,Business and Finance,3745.42,2026-03-31,Mobile,Debit Card,16.1,67.6,In Progress,No,8,80.2,3.6,No,2026-08-22
STU00948,Wesley Browning,24.0,Other,India,CRS156,Personal Development Masterclass Intermediate,Personal Development,1300.01,2025-07-14,Tablet,Wallet,13.7,93.8,In Progress,No,9,100.0,3.8,No,2025-10-25
STU01079,Beverly Douglas,36.0,Other,India,CRS120,IT & Software Masterclass Beginner,IT & Software,2566.2,2026-03-20,Desktop,Net Banking,23.5,89.4,In Progress,No,4,73.2,4.3,No,2026-04-10
STU00683,Mariah Robles,39.0,Other,USA,CRS186,Web Development Masterclass Intermediate,Web Dev,4790.94,2025-10-04,Desktop,Net Banking,13.2,46.5,In Progress,No,7,84.7,2.1,No,2026-07-27
STU00463,Raymond Chapman,18.0,Male,Canada,CRS168,Cloud Computing Masterclass Beginner,Cloud Computing,2783.8,2026-01-10,Mobile,UPI,16.2,100.0,Completed,Yes,7,91.5,4.7,No,2026-05-01
STU00887,Jessica Lee,16.0,Male,India,CRS180,IT & Software Masterclass Beginner,IT and Software,5196.59,2026-04-30,Desktop,Credit Card,15.8,83.5,In Progress,No,5,89.7,3.6,No,2026-08-14
STU00960,Patrick Mcneil,24.0,Male,Australia,CRS162,Personal Development Masterclass Intermediate,Personal Development,506.19,2025-03-26,,UPI,9.8,46.1,In Progress,No,2,69.8,3.0,No,2025-08-18
STU01291,Cheryl Atkins,29.0,Male,Canada,CRS170,Personal Development Masterclass Bootcamp,Personal Development,1533.93,2026-03-02,Mobile,Debit Card,11.5,65.6,In Progress,No,4,82.6,4.2,No,2026-03-25
STU00469,Tina Hall,28.0,Female,India,CRS126,Data Science Masterclass Intermediate,Data  Science,2557.64,2025-06-17,Mobile,Debit Card,7.8,41.3,In Progress,No,1,54.0,3.5,No,2025-08-29
STU00648,Carl Green,18.0,Other,India,CRS151,IT & Software Masterclass Beginner,IT and Software,4208.29,2026-06-15,Desktop,Credit Card,15.5,80.6,In Progress,No,8,74.8,4.3,No,2026-07-02
STU01191,Joseph Mayer,20.0,Male,India,CRS131,Cloud Computing Masterclass Intermediate,Cloud Computing,5953.74,2026-07-03,Mobile,Credit Card,9.5,48.6,In Progress,No,1,65.7,3.1,No,2026-07-30
STU00034,Cindy Anderson,27.0,Other,India,CRS113,Data Science Masterclass Advanced,data science,4343.27,2025-04-24,Desktop,UPI,15.4,51.2,In Progress,No,4,60.7,3.3,No,2025-08-23
STU00417,Kimberly May,31.0,Male,India,CRS161,Personal Development Masterclass Intermediate,Personal Development,649.37,2026-03-26,Desktop,Debit Card,51.5,99.2,Completed,Yes,6,89.6,4.2,No,2026-06-19
STU00810,Theresa Wilkins,19.0,Female,USA,CRS116,Cloud Computing Masterclass Beginner,cloud computing,2167.09,2025-12-13,Mobile,Net Banking,8.5,48.0,In Progress,No,4,73.0,4.1,No,2026-06-29
STU00248,Katie Ford,35.0,Female,India,CRS194,Cloud Computing Masterclass Intermediate,Cloud Computing,4022.64,2026-06-08,Tablet,Debit Card,4.7,24.0,In Progress,No,2,81.0,3.3,No,2026-09-03
STU00866,Christopher Mclaughlin,,Female,India,CRS118,Business & Finance Masterclass Bootcamp,Business and Finance,3603.24,2025-10-17,Desktop,Debit Card,11.7,68.1,In Progress,No,5,75.3,3.6,No,2026-04-23
STU01303,Nicole Howe,17.0,Female,India,CRS177,Personal Development Masterclass Bootcamp,Personal Development,1786.33,2025-05-24,Mobile,Wallet,5.1,18.7,In Progress,No,1,66.5,2.9,No,2026-07-18
STU00440,Nancy Stewart,16.0,Other,India,CRS181,Data Science Masterclass Beginner,Data  Science,5925.03,2025-06-06,Desktop,Net Banking,17.3,91.1,In Progress,No,4,73.3,4.8,No,2026-05-05
STU01342,John Johnson,32.0,Female,India,CRS106,Personal Development Masterclass Beginner,Personal Development,1517.94,2025-06-25,Mobile,Net Banking,24.4,89.9,In Progress,No,7,97.2,4.1,No,2025-11-07
STU01480,Vanessa Cuevas,27.0,Female,India,CRS122,Data Science Masterclass Advanced,data science,3930.48,2026-05-11,Desktop,Wallet,22.0,98.8,Completed,Yes,9,88.6,4.1,No,2026-08-04
STU00217,Brent Rodgers,26.0,Male,India,CRS156,Personal Development Masterclass Advanced,Personal Development,1250.6,2025-04-22,Mobile,Credit Card,2.5,0.0,Not Started,No,0,,,No,2026-06-23
STU01479,Elizabeth Allen,26.0,Other,India,CRS100,Business & Finance Masterclass Beginner,Business & Finance,1739.11,2026-04-30,,UPI,23.6,92.8,In Progress,No,12,73.9,3.8,No,2026-05-15
STU01287,Lori Meadows,25.0,Female,India,CRS188,Graphic Design Masterclass Beginner,graphic design,2164.0,2026-07-22,Mobile,UPI,17.7,97.6,Completed,No,6,75.3,4.1,No,2026-09-13
STU00544,Gregory Franco,21.0,Male,UK,CRS104,IT & Software Masterclass Beginner,IT & Software,1802.11,2025-03-22,Mobile,Debit Card,8.0,42.2,In Progress,No,1,71.3,4.5,No,2025-10-31
STU01465,Patricia Hernandez,31.0,Male,Philippines,CRS153,Data Science Masterclass Advanced,data science,3609.38,2026-04-13,Desktop,Net Banking,3.4,22.4,In Progress,No,1,65.9,4.0,No,2026-06-01
STU01137,Ann Castillo,30.0,Male,India,CRS113,Personal Development Masterclass Bootcamp,Personal Development,1898.4,2025-05-26,Mobile,UPI,7.4,53.4,In Progress,No,1,72.3,3.4,No,2025-10-14
STU00494,Pam Lowe,32.0,Female,India,CRS133,IT & Software Masterclass Advanced,IT & Software,2319.92,2025-07-26,Tablet,Net Banking,1.3,10.6,In Progress,No,0,,3.0,Yes,2026-05-20
STU01199,Eric Cox,38.0,Female,Australia,CRS182,Cloud Computing Masterclass Intermediate,cloud computing,4813.33,2026-05-16,Desktop,Net Banking,10.0,32.6,In Progress,No,2,64.1,4.1,No,2026-09-08
STU00465,Brenda Collins,18.0,Other,India,CRS199,Graphic Design Masterclass Beginner,Graphic Design,904.98,2026-07-29,Desktop,Wallet,14.8,83.5,In Progress,No,5,66.6,4.8,No,2026-08-03
STU00392,Ashley Pacheco,30.0,Female,India,CRS174,Data Science Masterclass Bootcamp,data science,2135.4,2025-08-08,Mobile,Net Banking,9.0,61.9,In Progress,No,3,70.6,4.1,No,2026-08-23
STU01314,Sara Hernandez,22.0,Female,India,CRS189,Digital Marketing Masterclass Beginner,Digital Marketing,1751.85,2025-10-08,Mobile,UPI,7.9,35.7,In Progress,No,4,63.9,3.1,No,2026-04-29
STU00439,Michelle Miller,17.0,Other,Canada,CRS187,Graphic Design Masterclass Advanced,graphic design,1731.14,2025-05-02,Tablet,Net Banking,3.8,13.3,In Progress,No,1,56.1,4.5,No,2026-03-09
STU01455,Andrew Edwards,18.0,Male,Germany,CRS187,Business & Finance Masterclass Bootcamp,Business and Finance,1312.73,2026-01-12,Desktop,UPI,13.0,59.5,In Progress,No,5,95.2,4.4,No,2026-02-02
STU00583,Rebecca Yu,19.0,Male,Germany,CRS156,Business & Finance Masterclass Bootcamp,Business and Finance,1853.54,2025-05-28,Tablet,Debit Card,11.0,37.9,In Progress,No,4,69.2,4.0,No,2025-08-11
STU01500,Jennifer Sullivan,18.0,Male,,CRS114,Web Development Masterclass Bootcamp,web dev,4010.04,2025-08-20,Tablet,Net Banking,6.7,33.0,In Progress,No,4,81.2,4.1,No,2026-07-09
STU00327,Sean Moore,38.0,Male,Nigeria,CRS191,Personal Development Masterclass Intermediate,Personal Development,585.02,2025-10-03,Desktop,Wallet,4.7,40.3,In Progress,No,2,62.7,3.0,No,2026-05-06
STU01085,Johnathan Thomas,25.0,Male,,CRS109,Personal Development Masterclass Beginner,Personal Development,751.13,2026-07-12,,Wallet,7.3,25.5,In Progress,No,2,87.3,2.9,No,2026-08-22
STU01258,Jessica Lucas,18.0,Female,India,CRS196,Business & Finance Masterclass Bootcamp,Business & Finance,3877.97,2026-05-20,Mobile,UPI,8.6,66.9,In Progress,No,3,78.2,3.4,No,2026-07-15
STU00466,Mr. Jeffrey Horton,26.0,Male,Singapore,CRS164,IT & Software Masterclass Bootcamp,IT & Software,3777.99,2025-11-09,Desktop,UPI,,49.2,In Progress,No,5,76.4,3.8,No,2026-01-12
STU00554,Derek Wilson,22.0,Male,India,CRS188,Digital Marketing Masterclass Advanced,digital marketing,1384.29,2026-07-30,Mobile,UPI,5.4,24.4,In Progress,No,3,58.1,3.1,No,2026-08-09
STU00062,David Garcia,34.0,Female,India,CRS106,Personal Development Masterclass Advanced,Personal Development,1254.08,2026-06-06,Mobile,Credit Card,4.8,25.7,In Progress,No,3,80.0,3.5,No,2026-09-07
STU00419,Crystal Mann,16.0,Male,India,CRS186,Personal Development Masterclass Bootcamp,Personal Development,1424.93,2026-04-18,Desktop,Credit Card,8.9,47.1,In Progress,No,2,50.3,3.5,No,2026-06-20
STU01170,James Randall,25.0,Male,India,CRS194,Digital Marketing Masterclass Intermediate,digital marketing,1821.61,2025-05-30,Desktop,UPI,1.0,6.5,Not Started,No,1,69.8,,No,2026-02-16
STU00709,Monica Anderson,15.0,Female,India,CRS185,IT & Software Masterclass Intermediate,IT and Software,5290.93,2026-07-08,Mobile,Wallet,24.4,94.5,In Progress,No,8,97.9,4.8,No,2026-07-20
STU01466,Adam Willis,23.0,Other,UK,CRS190,Personal Development Masterclass Intermediate,Personal Development,1352.53,2025-08-25,Desktop,Net Banking,8.0,39.2,In Progress,No,5,53.4,3.9,No,2026-01-05
STU00539,Robert Jarvis,24.0,Other,India,CRS132,IT & Software Masterclass Bootcamp,IT & Software,3789.14,2025-12-03,Desktop,UPI,5.3,40.1,In Progress,No,4,63.7,3.4,No,2026-08-20
STU00156,Juan Reyes,20.0,Other,Canada,CRS189,IT & Software Masterclass Beginner,IT and Software,3236.08,2026-05-24,Tablet,UPI,9.4,59.2,In Progress,No,7,90.6,3.7,No,2026-09-15
STU00797,Anne Anderson,32.0,Male,UK,CRS119,IT & Software Masterclass Bootcamp,IT & Software,4935.95,2026-04-06,Tablet,Net Banking,15.4,64.7,In Progress,No,4,65.7,5.0,No,2026-08-09
STU01284,Nicholas Green,19.0,Female,Australia,CRS103,Cloud Computing Masterclass Bootcamp,cloud computing,3149.63,2026-05-02,Desktop,Net Banking,8.6,39.9,In Progress,No,3,74.5,2.2,No,2026-06-15
STU00969,Jocelyn Sharp,38.0,Male,India,CRS103,Web Development Masterclass Intermediate,web dev,4532.02,2025-12-11,Mobile,UPI,2.1,9.8,Not Started,No,1,49.1,,No,2026-01-19
STU00417,Kimberly May,31.0,Male,India,CRS161,Personal Development Masterclass Intermediate,Personal Development,649.37,2026-03-26,Desktop,Debit Card,51.5,99.2,Completed,Yes,6,89.6,4.2,No,2026-06-19
STU00083,John Atkinson,31.0,Other,UK,CRS136,Personal Development Masterclass Bootcamp,Personal Development,777.7,2025-06-29,Mobile,Debit Card,20.7,91.3,In Progress,No,9,88.4,4.5,No,2025-07-09
STU00922,Anthony Dennis,26.0,Male,India,CRS137,Data Science Masterclass Intermediate,Data Science,4323.19,2025-06-04,Tablet,UPI,9.8,43.5,In Progress,No,5,55.6,3.8,No,2026-01-26
STU01244,Heidi Graham,36.0,Female,India,CRS142,Cloud Computing Masterclass Bootcamp,Cloud Computing,3322.96,2026-04-18,Desktop,UPI,13.5,89.6,In Progress,No,8,95.4,3.2,No,2026-06-08
STU00367,Brian Martin,35.0,Female,India,CRS112,IT & Software Masterclass Beginner,IT & Software,3585.51,2026-06-01,Desktop,Wallet,9.7,48.3,In Progress,No,8,67.8,3.3,No,2026-07-22
STU00957,Michael Woods,26.0,Female,UK,CRS160,Cloud Computing Masterclass Advanced,Cloud Computing,3083.43,2025-07-17,Mobile,UPI,22.0,83.7,In Progress,No,4,76.4,4.3,No,2026-05-07
STU00862,David Torres,28.0,Female,USA,CRS133,Data Science Masterclass Beginner,DataScience,5855.37,2026-05-09,Mobile,Net Banking,11.6,65.3,In Progress,No,4,94.9,5.0,No,2026-07-06
STU00979,Kimberly Smith,24.0,Male,India,CRS159,Digital Marketing Masterclass Bootcamp,Digital Marketing,2182.0,2025-07-27,Desktop,Wallet,3.9,19.7,In Progress,No,3,54.6,2.5,No,2026-02-03
STU00612,Rhonda Martinez,30.0,Male,USA,CRS119,Data Science Masterclass Intermediate,data science,1537.6,2025-06-16,Mobile,Net Banking,5.8,49.3,In Progress,No,4,82.3,3.8,No,2026-09-10
STU00349,Hector Ingram,40.0,Male,Australia,CRS120,Data Science Masterclass Advanced,Data Science,1862.77,2025-06-16,Mobile,UPI,2.6,19.1,In Progress,No,1,86.7,4.6,Yes,2026-08-08
STU01202,Carlos Miller,19.0,Other,Australia,CRS149,IT & Software Masterclass Intermediate,IT and Software,4367.91,2025-05-31,Mobile,Debit Card,3.7,23.0,In Progress,No,1,73.6,3.6,No,2025-09-15
STU01366,Felicia Taylor,34.0,Male,Singapore,CRS187,Digital Marketing Masterclass Advanced,digital marketing,2631.47,2026-04-01,Mobile,Net Banking,5.1,20.2,In Progress,No,1,94.7,3.0,No,2026-04-17
STU00167,Sarah Phelps,23.0,Female,Nigeria,CRS117,Graphic Design Masterclass Beginner,Graphic Design,1393.45,2025-09-10,Desktop,UPI,11.0,77.6,In Progress,No,7,79.8,3.7,No,2026-05-26
STU00857,Ryan Johnson,35.0,Other,UK,CRS115,Graphic Design Masterclass Beginner,Graphic Design,2259.16,2025-08-12,Desktop,Wallet,6.1,27.7,In Progress,No,4,81.6,3.5,No,2026-04-20
STU01154,Wayne Weaver,25.0,Female,Australia,CRS131,Graphic Design Masterclass Beginner,Graphic Design,1864.62,2025-12-13,Desktop,UPI,24.4,89.3,In Progress,No,9,89.3,5.0,No,2026-06-06
STU01429,Grace Green,27.0,Other,India,CRS195,Digital Marketing Masterclass Intermediate,Digital Marketing,2401.22,2026-07-26,Tablet,Debit Card,7.5,47.5,In Progress,No,7,85.6,4.0,No,2026-08-12
STU00547,Anna Morse,19.0,Other,Germany,CRS107,Data Science Masterclass Advanced,Data  Science,3434.24,2025-04-18,Desktop,UPI,13.7,78.0,In Progress,No,4,100.0,4.9,No,2026-09-16
STU00205,Adrian Tyler,34.0,Other,India,CRS112,Personal Development Masterclass Bootcamp,Personal Development,1770.45,2025-06-17,Tablet,Wallet,9.0,42.7,In Progress,No,2,97.0,3.5,No,2026-04-15
STU01177,Donna Shaffer,30.0,Other,India,CRS120,Digital Marketing Masterclass Bootcamp,digital marketing,1973.93,2025-11-03,Tablet,Wallet,21.7,87.4,In Progress,No,9,88.2,3.8,No,2026-09-15
STU00710,Kathy Cruz,29.0,Female,USA,CRS103,IT & Software Masterclass Intermediate,IT and Software,1731.15,2025-10-05,Tablet,Wallet,13.7,54.6,In Progress,No,3,95.0,3.7,No,2026-05-01
STU00606,Antonio Goodwin,35.0,Female,UAE,CRS104,Digital Marketing Masterclass Intermediate,Digital Marketing,1040.58,2025-11-14,Tablet,Net Banking,13.5,90.7,In Progress,No,4,60.7,4.7,No,2026-01-22
STU01365,Jeremy Hunter,34.0,Female,USA,CRS125,Graphic Design Masterclass Intermediate,graphic design,2446.25,2026-07-02,Desktop,Debit Card,27.1,100.0,Completed,Yes,12,78.3,5.0,No,2026-07-14
STU00187,Nicole Morgan,22.0,Male,UAE,CRS190,Digital Marketing Masterclass Bootcamp,Digital Marketing,2058.51,2026-05-19,Tablet,UPI,10.9,61.7,In Progress,No,4,68.3,3.7,No,2026-07-16
STU00778,Holly Valdez,30.0,Male,Singapore,CRS110,Business & Finance Masterclass Intermediate,Business and Finance,2219.7,2025-12-25,Desktop,Net Banking,22.2,95.3,Completed,Yes,6,77.3,3.6,No,2026-02-09
STU01461,Brian Larson,29.0,Other,Germany,CRS184,Digital Marketing Masterclass Bootcamp,digital marketing,2969.42,2025-11-08,Mobile,Credit Card,24.7,100.0,Completed,Yes,12,66.5,3.9,No,2026-02-19
STU01276,Pamela Sullivan,26.0,Other,India,CRS120,IT & Software Masterclass Beginner,IT and Software,5398.13,2026-07-05,Mobile,Wallet,8.9,24.3,In Progress,No,2,57.1,2.4,No,2026-08-21
STU00010,Mark Diaz,25.0,Male,India,CRS195,Personal Development Masterclass Bootcamp,Personal Development,741.83,2025-07-17,Mobile,Wallet,7.0,39.8,In Progress,No,4,86.9,3.2,No,2025-08-29
STU00011,Timothy Wong,24.0,Male,Philippines,CRS106,Personal Development Masterclass Advanced,Personal Development,841.9,2025-09-26,Mobile,Net Banking,23.5,86.3,In Progress,No,2,77.5,4.1,No,2025-12-09
STU01491,Jacqueline Pierce,35.0,Female,USA,CRS187,Data Science Masterclass Beginner,DataScience,5818.64,2026-06-21,Mobile,Wallet,8.8,31.4,In Progress,No,0,,3.1,No,2026-08-10
STU01382,Alexis Hogan,26.0,Male,USA,CRS194,Business & Finance Masterclass Beginner,Business & Finance,1331.3,2025-12-13,Mobile,Debit Card,1.4,0.1,Not Started,No,0,,,No,2026-07-12
STU00722,Kristina Young,44.0,Male,Australia,CRS181,Cloud Computing Masterclass Intermediate,cloud computing,5076.07,2026-04-05,Mobile,UPI,7.6,50.9,In Progress,No,2,74.5,3.9,No,2026-08-26
STU00631,Seth Matthews,20.0,Female,Germany,CRS178,Business & Finance Masterclass Advanced,Business and Finance,3181.39,2025-09-27,Tablet,Credit Card,6.7,30.2,In Progress,No,0,,3.0,No,2026-04-26
STU00973,Brian Cole,23.0,Other,India,CRS100,Personal Development Masterclass Bootcamp,Personal Development,816.56,2026-05-04,Mobile,,11.2,73.2,In Progress,No,5,62.4,4.3,No,2026-08-10
STU00747,Kimberly May,26.0,Male,India,CRS117,Digital Marketing Masterclass Bootcamp,Digital Marketing,1021.17,2025-10-28,Mobile,Debit Card,9.8,44.1,In Progress,No,6,88.8,3.3,No,2025-11-02
STU01072,Thomas Garrison,15.0,Female,USA,CRS114,IT & Software Masterclass Intermediate,IT and Software,2804.74,2026-02-11,Desktop,Net Banking,9.5,52.0,In Progress,No,6,64.0,4.4,No,2026-09-08
STU00556,David Kelly,15.0,Female,India,CRS161,Graphic Design Masterclass Advanced,Graphic Design,1182.4,2026-05-25,Mobile,Debit Card,2.9,22.9,In Progress,No,1,68.9,4.1,Yes,2026-07-02
STU00290,Howard Norman,23.0,Other,India,CRS190,Personal Development Masterclass Bootcamp,Personal Development,720.38,2025-07-27,Mobile,Net Banking,18.5,96.0,Completed,Yes,5,86.4,5.0,No,2026-06-06
STU00729,Beverly Silva,25.0,Male,India,CRS120,IT & Software Masterclass Intermediate,IT & Software,3559.72,2025-09-30,Mobile,Net Banking,10.4,56.2,In Progress,No,4,100.0,3.8,No,2026-02-28
STU00428,Mr. Richard Knight PhD,25.0,Male,UAE,CRS178,Digital Marketing Masterclass Bootcamp,Digital Marketing,1455.29,2025-03-23,Desktop,Net Banking,8.9,46.1,In Progress,No,3,74.1,3.9,No,2025-06-24
STU00562,Taylor Calderon,34.0,Male,USA,CRS125,Personal Development Masterclass Advanced,Personal Development,1490.7,2026-06-28,Mobile,Debit Card,2.6,13.9,In Progress,No,0,,3.9,No,2026-08-03
STU00794,Stephanie Hampton,21.0,Male,UK,CRS140,Digital Marketing Masterclass Advanced,digital marketing,2031.74,2025-05-25,Tablet,Net Banking,16.3,70.1,In Progress,No,6,88.6,5.0,No,2026-03-11
STU00995,Gene Castro,31.0,Female,Germany,CRS186,Graphic Design Masterclass Beginner,Graphic Design,1005.11,2026-05-06,Desktop,Debit Card,27.0,98.4,Completed,Yes,5,94.0,4.2,No,2026-09-17
STU01428,Jeffrey Bishop,25.0,Other,Canada,CRS173,IT & Software Masterclass Advanced,IT & Software,3347.68,2025-05-30,Mobile,Net Banking,14.0,74.7,In Progress,No,5,88.5,3.9,No,2026-02-18
STU01054,Steve Davis,22.0,Male,Canada,CRS190,Graphic Design Masterclass Beginner,graphic design,1121.83,2026-04-25,Desktop,UPI,4.2,25.9,In Progress,No,3,87.0,3.5,No,2026-07-01
STU00122,Joseph Coleman,28.0,Male,Philippines,CRS197,Data Science Masterclass Advanced,data science,2595.67,2025-08-24,Desktop,Debit Card,8.6,36.3,In Progress,No,2,83.9,3.2,No,2026-04-07
STU00657,Phillip Burns,30.0,Female,,CRS135,Digital Marketing Masterclass Advanced,digital marketing,1433.33,2025-08-07,Tablet,Net Banking,13.1,76.7,In Progress,No,3,77.5,4.5,No,2026-06-12
STU01160,Jesus Jackson,26.0,Female,India,CRS119,Cloud Computing Masterclass Advanced,cloud computing,6176.09,2026-04-20,Desktop,,5.8,19.2,In Progress,No,1,71.1,3.1,No,2026-04-27
STU00768,Susan Arnold,24.0,Female,USA,CRS104,Graphic Design Masterclass Advanced,Graphic Design,2556.4,2026-01-13,Tablet,Net Banking,7.5,45.8,In Progress,No,1,88.9,4.0,No,2026-04-23
STU00152,Barbara Dudley,23.0,Female,Singapore,CRS160,Cloud Computing Masterclass Beginner,Cloud Computing,5918.96,2026-07-11,Desktop,Debit Card,3.6,4.5,Not Started,No,0,,,No,2026-08-10
STU01159,John Arellano,22.0,Male,Germany,CRS103,Digital Marketing Masterclass Bootcamp,digital marketing,977.14,2026-05-01,Mobile,Net Banking,8.0,32.8,In Progress,No,0,,3.2,No,2026-05-25
STU00113,Sandra Zimmerman,35.0,Female,Germany,CRS109,Business & Finance Masterclass Bootcamp,Business & Finance,2423.89,2025-05-12,Mobile,Credit Card,13.3,68.7,In Progress,No,3,79.3,3.6,No,2026-08-29
STU00834,Michael Smith,29.0,Male,India,CRS185,Business & Finance Masterclass Intermediate,Business & Finance,3866.86,2026-08-05,Desktop,Net Banking,6.6,18.4,In Progress,No,3,71.8,2.9,No,2026-09-04
STU01460,Timothy Logan,26.0,Male,India,CRS171,Digital Marketing Masterclass Advanced,digital marketing,2127.22,2026-06-16,Desktop,Wallet,2.3,2.8,Not Started,No,0,,,No,2026-08-13
STU00424,Robin Adams,16.0,Female,Germany,CRS171,IT & Software Masterclass Beginner,IT & Software,3278.29,2025-06-03,Mobile,Net Banking,4.8,28.7,In Progress,No,1,65.3,2.8,No,2025-09-01
STU00873,Eric Lloyd,40.0,Female,UK,CRS185,Personal Development Masterclass Bootcamp,Personal Development,538.45,2025-06-04,Desktop,Credit Card,2.1,11.9,In Progress,No,0,,3.2,Yes,2026-01-22
STU00915,Anna Ross,32.0,Female,India,CRS166,Cloud Computing Masterclass Intermediate,cloud computing,4098.36,2026-01-13,Desktop,Debit Card,4.5,27.2,In Progress,No,3,67.8,3.3,No,2026-03-11
STU00919,Jennifer Parrish,29.0,Male,Philippines,CRS177,Data Science Masterclass Intermediate,DataScience,3776.92,2026-04-21,Tablet,Wallet,2.9,13.9,In Progress,No,0,,2.6,Yes,2026-06-12
STU01215,Brian Campbell,17.0,Male,India,CRS138,Business & Finance Masterclass Beginner,Business & Finance,2203.64,2026-01-01,Mobile,UPI,15.9,82.0,In Progress,No,4,100.0,5.0,No,2026-01-11
STU00131,Justin Torres,20.0,Other,India,CRS110,Personal Development Masterclass Advanced,Personal Development,1303.74,2026-02-07,Tablet,Net Banking,15.7,70.8,In Progress,No,6,75.5,4.8,No,2026-02-18
STU00462,Kelly Carpenter,29.0,Male,Canada,CRS145,Business & Finance Masterclass Advanced,Business and Finance,3136.66,2025-03-24,Mobile,Net Banking,6.4,26.1,In Progress,No,2,70.3,4.4,No,2025-08-11
STU01483,Luis Lopez,36.0,Male,India,CRS112,Business & Finance Masterclass Advanced,Business and Finance,3099.08,2026-08-06,Mobile,Wallet,8.8,37.6,In Progress,No,0,,4.6,No,2026-08-16
STU00851,Scott Cox,17.0,Female,India,CRS139,Business & Finance Masterclass Advanced,Business and Finance,2727.16,2026-02-15,Mobile,Wallet,27.0,100.0,Completed,Yes,6,94.5,4.8,No,2026-04-14
STU00134,Lisa Singh,29.0,Female,India,CRS113,Business & Finance Masterclass Advanced,Business and Finance,3758.18,2026-08-12,Mobile,Debit Card,44.4,100.0,Completed,Yes,8,83.8,3.9,No,2026-08-23
STU00001,Daniel Doyle,30.0,Other,India,CRS169,Web Development Masterclass Beginner,Web Development,3981.58,2026-02-12,Mobile,Credit Card,9.0,47.9,In Progress,No,2,71.8,3.4,No,2026-02-17
STU01088,Tasha Ortega,34.0,Other,India,CRS181,Web Development Masterclass Intermediate,Web Development,4358.31,2026-06-25,Tablet,Debit Card,11.4,52.1,In Progress,No,4,76.6,3.4,No,2026-07-07
STU01204,Kayla Brown,24.0,Male,Germany,CRS125,Digital Marketing Masterclass Advanced,digital marketing,2322.2,2025-04-09,Mobile,Wallet,8.3,34.9,In Progress,No,4,75.9,3.5,No,2025-06-04
STU01437,Alejandro Campbell,26.0,Female,India,CRS164,Business & Finance Masterclass Intermediate,Business & Finance,2868.28,2026-07-16,Mobile,Credit Card,6.9,38.0,In Progress,No,2,51.8,3.6,No,2026-08-13
STU01195,John Peterson,24.0,Other,India,CRS154,Cloud Computing Masterclass Advanced,Cloud Computing,3725.25,2025-03-25,Mobile,Credit Card,8.2,26.2,In Progress,No,1,44.7,3.6,No,2025-12-30
STU00700,Kara Sandoval,26.0,Female,UK,CRS186,IT & Software Masterclass Bootcamp,IT and Software,3735.36,2025-11-08,Desktop,Net Banking,4.7,30.9,In Progress,No,2,53.2,3.5,No,2026-05-02
STU01299,Manuel Turner,18.0,Female,UK,CRS198,Business & Finance Masterclass Intermediate,Business and Finance,3743.59,2026-04-09,Mobile,Wallet,10.1,41.9,In Progress,No,7,65.0,3.3,No,2026-04-16
STU00978,Dale Dean,16.0,Other,India,CRS191,Business & Finance Masterclass Intermediate,Business & Finance,2462.32,2026-02-05,Mobile,Wallet,13.5,72.3,In Progress,No,1,77.3,3.7,No,2026-03-03
STU00992,Kelly Welch,31.0,Other,Germany,CRS170,Personal Development Masterclass Beginner,Personal Development,668.91,2025-09-17,Mobile,Debit Card,10.8,60.7,In Progress,No,3,94.7,3.9,No,2025-11-03
STU01301,Sherry Anderson,32.0,Other,India,CRS106,Graphic Design Masterclass Beginner,Graphic Design,2268.65,2025-07-31,Mobile,Credit Card,12.6,39.3,In Progress,No,0,,3.0,No,2026-02-24
STU00412,Jason Hart,30.0,Other,Canada,CRS109,Web Development Masterclass Beginner,Web Development,3533.91,2026-05-27,Mobile,Credit Card,9.2,40.9,In Progress,No,1,67.3,4.0,No,2026-09-08
STU00323,John Harris,27.0,Female,Nigeria,CRS116,Data Science Masterclass Intermediate,Data  Science,2738.58,2025-04-25,Mobile,UPI,13.8,59.0,In Progress,No,2,73.6,4.6,No,2025-05-25
STU00002,Javier Johnson,23.0,Male,India,CRS125,Personal Development Masterclass Beginner,Personal Development,775.11,2026-03-03,Mobile,Wallet,12.0,27.6,In Progress,No,2,59.6,2.6,No,2026-08-27
STU01277,Teresa Ruiz,29.0,Male,Singapore,CRS131,Graphic Design Masterclass Advanced,Graphic Design,2363.24,2025-04-05,Mobile,Debit Card,10.2,52.5,In Progress,No,3,81.6,4.9,No,2026-07-09
STU00436,Tina Sanders,36.0,Other,India,CRS125,Personal Development Masterclass Beginner,Personal Development,1013.1,2026-05-26,Mobile,Credit Card,6.1,39.2,In Progress,No,2,74.8,4.9,No,2026-07-04
STU00453,Justin Vargas,23.0,Other,UK,CRS164,Data Science Masterclass Beginner,Data Science,4656.75,2026-05-15,Desktop,Credit Card,5.7,25.6,In Progress,No,3,61.2,3.4,No,2026-07-03
STU00039,Jessica Callahan,30.0,Other,Singapore,CRS130,Web Development Masterclass Advanced,web dev,3187.77,2025-08-10,Mobile,Wallet,10.4,56.3,In Progress,No,3,98.6,3.8,No,2025-11-18
STU00184,Morgan Davis,33.0,Other,India,CRS114,Cloud Computing Masterclass Beginner,Cloud Computing,5156.54,2025-08-25,Mobile,UPI,28.8,100.0,Completed,Yes,9,83.7,4.4,No,2026-02-12
STU01134,Randy Johnson,39.0,Male,UK,CRS103,Cloud Computing Masterclass Beginner,Cloud Computing,3747.13,2026-08-07,Mobile,Credit Card,12.8,66.9,In Progress,No,4,83.3,3.4,No,2026-08-08
STU00880,Dawn Little,38.0,Other,Canada,CRS100,Graphic Design Masterclass Beginner,graphic design,1382.13,2025-04-09,Desktop,Wallet,14.9,87.9,In Progress,No,7,100.0,5.0,No,2026-08-16
STU00218,Kristina Rivera,17.0,Male,UAE,CRS178,Cloud Computing Masterclass Intermediate,Cloud Computing,2261.78,2026-05-12,Mobile,Wallet,2.6,24.4,In Progress,No,1,66.0,3.1,No,2026-07-22
STU01033,Laura Tucker,30.0,Female,UK,CRS197,Web Development Masterclass Bootcamp,Web Development ,1758.02,2026-02-24,Desktop,,12.7,48.5,In Progress,No,2,64.4,3.6,No,2026-03-12
STU00855,Angela Baker,22.0,Female,India,CRS182,Personal Development Masterclass Intermediate,Personal Development,1491.96,2025-04-01,Mobile,Net Banking,8.6,55.5,In Progress,No,6,62.1,2.9,No,2025-10-30
STU00307,Sarah Joseph,,Female,USA,CRS116,Web Development Masterclass Intermediate,Web Dev,2294.19,2025-04-21,Tablet,Net Banking,30.0,100.0,Completed,Yes,6,65.5,4.8,No,2026-01-25
STU00730,Brittney Hernandez,20.0,Other,India,CRS167,Graphic Design Masterclass Intermediate,Graphic Design,876.19,2025-07-28,Mobile,Wallet,2.6,12.1,In Progress,No,0,,3.1,Yes,2025-12-12
STU00441,Ian Nelson,26.0,Female,USA,CRS122,Graphic Design Masterclass Intermediate,Graphic Design,1156.93,2025-05-13,Tablet,Credit Card,22.5,86.8,In Progress,No,4,68.9,4.0,No,2025-05-15
STU01027,Gregory Murray,22.0,Other,USA,CRS192,IT & Software Masterclass Beginner,IT & Software,2987.58,2025-11-08,Mobile,Credit Card,14.8,50.4,In Progress,No,2,72.3,4.3,No,2025-11-17
STU00550,Cynthia Green,21.0,Other,USA,CRS123,Web Development Masterclass Advanced,Web Development ,1397.88,2026-01-06,Desktop,Credit Card,3.7,14.3,In Progress,No,3,73.2,3.2,No,2026-04-26
STU00314,Thomas Brown,,Male,UK,CRS117,Web Development Masterclass Intermediate,web dev,3714.76,2025-06-21,Mobile,Net Banking,11.3,55.9,In Progress,No,5,51.6,3.7,No,2026-09-02
STU01147,Patrick Perez,21.0,Male,USA,CRS135,IT & Software Masterclass Beginner,IT and Software,2406.22,2026-01-12,Desktop,Net Banking,28.9,91.0,In Progress,No,5,97.3,5.0,No,2026-09-07
STU00701,Courtney Peterson,25.0,Other,Nigeria,CRS158,Cloud Computing Masterclass Advanced,Cloud Computing,2718.44,2026-03-24,Desktop,Credit Card,7.0,19.2,In Progress,No,0,,3.4,No,2026-04-13
STU00332,Monica Gallagher,20.0,Female,India,CRS100,Digital Marketing Masterclass Beginner,digital marketing,2668.78,2026-05-30,Mobile,Credit Card,7.9,33.3,In Progress,No,2,69.4,3.3,No,2026-07-16
STU00037,Mrs. Jennifer Morgan,37.0,Male,Nigeria,CRS147,Data Science Masterclass Beginner,data science,3409.0,2026-03-30,Desktop,Debit Card,7.8,40.0,In Progress,No,0,,4.4,No,2026-07-23
STU00111,Dr. Hannah Patterson,28.0,Female,Australia,CRS111,Web Development Masterclass Beginner,Web Dev,3453.21,2026-01-23,Mobile,UPI,7.4,33.2,In Progress,No,2,66.0,3.7,No,2026-02-20
STU01061,Diana Anderson,27.0,Female,India,CRS167,Digital Marketing Masterclass Beginner,Digital Marketing,2668.1,2025-04-30,Tablet,Net Banking,2.7,5.2,Not Started,No,0,,,No,2026-01-10
STU00889,Cheryl Lopez,28.0,Female,USA,CRS143,Graphic Design Masterclass Beginner,Graphic Design,770.15,2025-10-31,Desktop,Wallet,12.7,66.9,In Progress,No,5,73.9,4.2,No,2026-02-02
STU01138,Nicole Johnson,24.0,Other,USA,CRS140,Digital Marketing Masterclass Intermediate,Digital Marketing,2036.18,2025-08-23,Desktop,Net Banking,18.1,99.6,Completed,Yes,6,84.4,5.0,No,2026-05-24
STU00916,Rebecca Thompson,32.0,Male,India,CRS157,Cloud Computing Masterclass Advanced,Cloud Computing,5721.52,2026-07-06,Mobile,Net Banking,2.2,7.6,Not Started,No,0,,,No,2026-08-29
STU01212,Catherine Kelly,15.0,Other,India,CRS107,Cloud Computing Masterclass Advanced,Cloud Computing,4465.98,2026-01-17,Mobile,UPI,26.2,100.0,Completed,Yes,7,69.2,4.6,No,2026-05-04
STU00927,Danielle Jones,19.0,Female,UK,CRS158,Cloud Computing Masterclass Bootcamp,cloud computing,5805.55,2025-06-28,Desktop,UPI,1.8,8.7,Not Started,No,0,,,No,2026-03-30
STU00746,James Mccoy,15.0,Other,Nigeria,CRS162,Business & Finance Masterclass Advanced,Business and Finance,3732.38,2026-01-10,Mobile,Wallet,11.5,66.4,In Progress,No,7,98.5,3.8,No,2026-03-08
STU00615,Donald Ellis,30.0,Male,India,CRS197,IT & Software Masterclass Bootcamp,IT and Software,2845.8,2025-10-05,Desktop,UPI,5.7,12.1,In Progress,No,1,63.6,2.2,No,2026-02-20
STU00776,William Nguyen,16.0,Female,UK,CRS187,Data Science Masterclass Intermediate,Data Science,4293.75,2025-11-16,Mobile,UPI,3.5,32.2,In Progress,No,1,71.3,2.6,No,2026-04-04
STU01006,Jonathan Young,28.0,Other,Singapore,CRS126,Cloud Computing Masterclass Advanced,Cloud Computing,6200.39,2025-08-28,Tablet,Wallet,14.7,66.6,In Progress,No,7,95.8,4.0,No,2025-09-09
STU00714,Marcus Roberts,38.0,Female,India,CRS198,IT & Software Masterclass Beginner,IT and Software,3546.14,2026-07-15,Desktop,Wallet,5.8,29.5,In Progress,No,2,63.8,4.1,No,2026-08-25
STU00578,Daniel Fox,24.0,Other,Nigeria,CRS168,Personal Development Masterclass Intermediate,Personal Development,1214.09,2025-11-27,Tablet,UPI,12.0,38.8,In Progress,No,2,80.7,4.0,No,2025-12-23
STU01239,Susan Jones,30.0,Other,USA,CRS142,Personal Development Masterclass Beginner,Personal Development,1480.92,2025-07-25,Mobile,Credit Card,41.8,100.0,Completed,Yes,6,61.6,4.4,No,2026-04-23
STU00434,Brenda Hinton,18.0,Male,India,CRS116,IT & Software Masterclass Intermediate,IT & Software,5409.83,2026-06-25,Desktop,UPI,7.6,67.7,In Progress,No,6,78.1,3.6,No,2026-07-23
STU00164,Leslie Kane,30.0,Other,USA,CRS166,Business & Finance Masterclass Beginner,Business & Finance,2695.99,2025-11-30,Mobile,Credit Card,14.1,79.2,In Progress,No,3,88.4,3.9,No,2025-12-10
STU00264,Rhonda Martin,20.0,Other,Germany,CRS155,Personal Development Masterclass Intermediate,Personal Development,844.4,2025-06-10,Mobile,UPI,10.9,53.9,In Progress,No,1,67.3,3.1,No,2026-07-01
STU00232,Daniel Taylor,24.0,Other,USA,CRS165,Digital Marketing Masterclass Advanced,digital marketing,819.88,2026-01-22,Desktop,Wallet,10.0,39.7,In Progress,No,3,80.2,3.3,No,2026-01-23
STU00303,Justin Green,21.0,Female,India,CRS195,Personal Development Masterclass Bootcamp,Personal Development,1017.63,2026-04-03,Desktop,Credit Card,17.0,80.8,In Progress,No,10,84.2,4.8,No,2026-06-25
STU01196,Daniel Lopez,23.0,Female,India,CRS184,Data Science Masterclass Advanced,DataScience,2996.01,2026-07-02,Mobile,Wallet,28.3,100.0,Completed,Yes,9,74.0,3.5,No,2026-07-09
STU00928,Ann Powers,29.0,Other,UAE,CRS193,Business & Finance Masterclass Bootcamp,Business and Finance,3360.87,2026-04-24,Desktop,Net Banking,35.5,100.0,Completed,Yes,10,69.8,3.8,No,2026-06-10
STU00176,Gregory Matthews,28.0,Female,Nigeria,CRS104,Graphic Design Masterclass Beginner,Graphic Design,1177.08,2026-03-04,Mobile,Wallet,8.1,46.8,In Progress,No,3,58.2,4.0,No,2026-04-04
STU01143,Tony Leonard,35.0,Female,India,CRS135,Graphic Design Masterclass Beginner,Graphic Design,2437.02,2026-06-17,Mobile,Debit Card,11.8,44.2,In Progress,No,1,72.6,4.4,No,2026-08-24
STU00150,Cody Cox,23.0,Male,USA,CRS145,Digital Marketing Masterclass Bootcamp,Digital Marketing,1912.88,2026-02-22,Desktop,UPI,15.3,83.2,In Progress,No,8,100.0,4.1,No,2026-06-14
STU01452,David Rodriguez,22.0,Male,Canada,CRS115,Personal Development Masterclass Bootcamp,Personal Development,1961.41,2026-01-19,Desktop,Credit Card,10.5,37.9,In Progress,No,3,62.8,4.0,No,2026-06-19
STU00979,Kimberly Smith,24.0,Male,India,CRS159,Digital Marketing Masterclass Bootcamp,Digital Marketing,2182.0,2025-07-27,Desktop,Wallet,3.9,19.7,In Progress,No,3,54.6,2.5,No,2026-02-03
STU00072,Larry Dixon,25.0,Male,India,CRS188,Data Science Masterclass Intermediate,DataScience,2718.35,2025-10-29,Mobile,Wallet,14.7,82.0,In Progress,No,3,80.6,3.8,No,2026-06-22
STU00169,Mark Mccall,32.0,Male,UK,CRS130,Business & Finance Masterclass Intermediate,Business and Finance,1473.86,2026-06-13,Desktop,Wallet,19.7,99.2,Completed,Yes,6,88.4,4.9,No,2026-06-16
STU00456,Mr. David Hopkins DDS,33.0,Male,UK,CRS173,Business & Finance Masterclass Advanced,Business and Finance,1733.97,2026-05-04,Desktop,Credit Card,14.7,55.8,In Progress,No,1,57.2,3.7,No,2026-06-29
STU00090,David Wright,27.0,Other,Nigeria,CRS111,Cloud Computing Masterclass Advanced,cloud computing,2882.64,2026-06-25,Desktop,Wallet,5.9,16.9,In Progress,No,1,63.9,2.5,No,2026-08-27
STU00118,Gina Beard,29.0,Female,Canada,CRS195,Personal Development Masterclass Bootcamp,Personal Development,1350.52,2025-06-21,Desktop,Wallet,15.0,74.2,In Progress,No,7,77.8,4.1,No,2025-09-25
STU00488,Cynthia Cochran,20.0,Other,India,CRS165,Digital Marketing Masterclass Beginner,digital marketing,1719.56,2025-10-31,Desktop,Debit Card,10.8,39.2,In Progress,No,3,68.0,2.7,No,2026-09-16
STU00322,Dr. Michael Evans,36.0,Female,Canada,CRS190,Cloud Computing Masterclass Beginner,Cloud Computing,2143.26,2025-08-15,Desktop,,8.7,33.8,In Progress,No,1,51.0,4.4,No,2026-08-31
STU01327,Donna Kim,25.0,Female,Singapore,CRS172,Digital Marketing Masterclass Intermediate,Digital Marketing,2870.24,2025-11-30,Tablet,Wallet,10.3,50.9,In Progress,No,0,,3.4,No,2026-06-01
STU01415,Anthony Price,26.0,Female,India,CRS148,Cloud Computing Masterclass Intermediate,Cloud Computing,5034.73,2026-01-30,Mobile,Debit Card,8.5,53.1,In Progress,No,4,69.6,3.2,No,2026-04-15
STU00460,Amanda Terrell,27.0,Male,India,CRS157,Digital Marketing Masterclass Intermediate,digital marketing,1205.02,2026-02-21,Mobile,Debit Card,13.3,61.8,In Progress,No,4,92.8,4.3,No,2026-05-06
STU01478,Michael Gray,30.0,Female,India,CRS196,Digital Marketing Masterclass Advanced,Digital Marketing,2432.11,2026-05-28,Mobile,Credit Card,4.1,26.9,In Progress,No,5,41.8,3.3,No,2026-09-07
STU01098,Elizabeth Ferguson,15.0,Other,USA,CRS179,Digital Marketing Masterclass Beginner,Digital Marketing,803.12,2025-11-26,Mobile,UPI,7.8,39.8,In Progress,No,2,73.9,4.0,No,2025-12-14
STU01162,David Williams,23.0,Male,USA,CRS166,Graphic Design Masterclass Advanced,graphic design,2559.09,2026-03-12,Desktop,Wallet,15.3,79.9,In Progress,No,5,41.1,3.8,No,2026-07-16
STU00242,Lance Wolf,16.0,Male,India,CRS138,IT & Software Masterclass Advanced,IT and Software,2686.24,2025-07-19,Mobile,Wallet,19.6,88.0,In Progress,No,12,76.2,4.6,No,2025-09-19
STU00699,Anthony Walker,28.0,Female,Singapore,CRS108,Graphic Design Masterclass Advanced,graphic design,1027.08,2026-03-01,Mobile,Net Banking,8.7,45.7,In Progress,No,0,,5.0,No,2026-09-08
STU01022,Kim Beltran,16.0,Other,USA,CRS194,Graphic Design Masterclass Beginner,Graphic Design,2634.93,2026-05-15,Mobile,UPI,3.8,19.8,In Progress,No,1,70.3,4.3,No,2026-08-12
STU00914,Charles Richardson,34.0,Female,India,CRS174,Business & Finance Masterclass Beginner,Business & Finance,1013.12,2025-06-06,Mobile,Net Banking,16.1,87.6,In Progress,No,6,74.6,5.0,No,2025-06-23
STU01493,John Ortiz,27.0,Other,India,CRS148,IT & Software Masterclass Beginner,IT & Software,2609.16,2025-11-14,Mobile,Wallet,19.7,77.0,In Progress,No,3,81.5,4.3,No,2026-05-24
STU00703,Mitchell Griffith,17.0,Male,UK,CRS187,Cloud Computing Masterclass Intermediate,Cloud Computing,5291.42,2025-04-11,Desktop,UPI,13.8,85.8,In Progress,No,7,70.2,4.4,No,2025-07-06
STU01140,Shannon Jones,23.0,Other,UAE,CRS103,Personal Development Masterclass Advanced,Personal Development,1232.78,2025-09-26,Desktop,Wallet,5.8,26.2,In Progress,No,2,73.6,3.2,No,2026-03-10
STU00585,Casey Parker,18.0,Other,India,CRS131,Personal Development Masterclass Beginner,Personal Development,1227.29,2026-04-29,Mobile,Credit Card,2.7,7.7,Not Started,No,1,78.8,,No,2026-05-30
STU00980,Karen Ortiz,17.0,Female,Canada,CRS189,Cloud Computing Masterclass Beginner,Cloud Computing,6397.09,2026-06-18,Mobile,Debit Card,23.2,100.0,Completed,Yes,7,97.0,5.0,No,2026-07-09
STU00693,Angela Vasquez,21.0,Female,India,CRS139,Digital Marketing Masterclass Advanced,Digital Marketing,2747.03,2026-05-31,Tablet,Credit Card,8.5,29.9,In Progress,No,5,80.8,3.3,No,2026-09-01
STU00271,Denise Whitehead,25.0,Male,India,CRS121,Digital Marketing Masterclass Bootcamp,digital marketing,1821.32,2026-06-02,Mobile,Net Banking,5.9,33.5,In Progress,No,0,,4.1,No,2026-07-02
STU00112,Samuel Short,26.0,Male,India,CRS134,IT & Software Masterclass Bootcamp,IT & Software,2444.2,2025-09-26,Desktop,UPI,14.2,72.9,In Progress,No,6,64.2,4.6,No,2026-03-25
STU00596,Nicholas Payne,15.0,Male,UAE,CRS111,IT & Software Masterclass Beginner,IT & Software,2256.31,2025-04-26,Desktop,Wallet,12.4,59.9,In Progress,No,2,77.6,3.4,No,2025-07-21
STU00786,Kristy Smith,18.0,Female,Canada,CRS147,Digital Marketing Masterclass Beginner,Digital Marketing,2662.41,2025-06-20,Desktop,Debit Card,27.0,82.9,In Progress,No,8,81.5,4.2,No,2026-08-29
STU00517,Nicole Phillips,30.0,Other,Germany,CRS112,Graphic Design Masterclass Advanced,Graphic Design,2615.64,2025-08-21,Mobile,Debit Card,8.6,42.2,In Progress,No,1,84.3,3.5,No,2026-03-12
STU00227,Jacob Griffith,22.0,Male,USA,CRS101,Business & Finance Masterclass Bootcamp,Business and Finance,1422.41,2025-07-08,Mobile,UPI,23.6,100.0,Completed,Yes,8,96.8,4.5,No,2026-01-07
STU00497,Erin Smith,21.0,Male,India,CRS129,Data Science Masterclass Bootcamp,Data  Science,2781.04,2026-07-16,Mobile,Debit Card,6.8,39.6,In Progress,No,1,92.1,3.5,No,2026-08-08
STU00842,Laura Ross,28.0,Other,USA,CRS133,Graphic Design Masterclass Advanced,graphic design,874.15,2026-04-29,Mobile,Credit Card,7.0,59.7,In Progress,No,4,89.6,4.4,No,2026-06-10
STU00499,Claudia Jordan,35.0,Female,India,CRS187,Web Development Masterclass Intermediate,web dev,1391.23,2025-09-20,Mobile,Wallet,41.4,100.0,Completed,Yes,5,96.4,4.5,No,2025-10-12
STU00976,Sean White,29.0,Other,USA,CRS129,IT & Software Masterclass Beginner,IT and Software,5456.3,2026-01-05,Mobile,UPI,7.0,54.8,In Progress,No,2,72.2,3.3,No,2026-06-22
STU00221,Brian Bruce,23.0,Female,India,CRS129,Cloud Computing Masterclass Intermediate,Cloud Computing,2073.47,2025-07-06,Desktop,Credit Card,2.2,2.9,Not Started,No,0,,,No,2026-04-20
STU01274,William Scott,21.0,Female,Canada,CRS121,Cloud Computing Masterclass Intermediate,Cloud Computing,3905.88,2025-10-05,Mobile,Net Banking,55.1,100.0,Completed,Yes,10,94.0,5.0,No,2026-08-17
STU00878,Kelly Hendrix,34.0,Other,UK,CRS172,Web Development Masterclass Advanced,web dev,3526.39,2025-04-05,Mobile,Debit Card,7.2,37.0,In Progress,No,5,42.3,3.1,No,2025-12-05
STU00921,Andrew Fernandez,31.0,Male,India,CRS177,Business & Finance Masterclass Beginner,Business and Finance,3493.97,2026-04-24,Desktop,Credit Card,5.1,28.4,In Progress,No,0,,2.6,No,2026-06-19
STU01081,Margaret Livingston,15.0,Other,India,CRS192,Digital Marketing Masterclass Bootcamp,digital marketing,1660.93,2025-07-27,Mobile,UPI,9.2,47.5,In Progress,No,6,71.4,4.2,No,2026-02-07
STU00985,Rachel Thompson,27.0,Male,UAE,CRS139,Web Development Masterclass Advanced,Web Development,4158.5,2026-01-28,Tablet,Wallet,10.6,71.9,In Progress,No,8,81.4,3.7,No,2026-07-08
STU01375,Elizabeth Morales,39.0,Other,India,CRS186,Business & Finance Masterclass Advanced,Business and Finance,2340.34,2026-03-22,Desktop,Net Banking,6.1,40.1,In Progress,No,6,64.5,3.6,No,2026-07-18
STU00313,Penny Bowman,24.0,Other,Germany,CRS127,IT & Software Masterclass Intermediate,IT & Software,5230.22,2026-03-05,Tablet,Wallet,12.8,86.8,In Progress,No,7,70.8,4.2,No,2026-05-11
STU01216,Jill Spencer,23.0,Male,Australia,CRS148,Data Science Masterclass Beginner,Data Science,5396.29,2026-01-23,Desktop,Wallet,2.4,9.5,Not Started,No,2,55.5,,No,2026-04-07
STU00508,Ruth Mcneil,35.0,Male,UK,CRS194,Web Development Masterclass Advanced,web dev,3680.37,2026-03-05,Desktop,Debit Card,5.3,10.2,In Progress,No,0,,3.3,No,2026-03-06
STU00394,Michele Williams,20.0,Female,India,CRS123,Business & Finance Masterclass Beginner,Business and Finance,1590.06,2025-05-10,Mobile,Wallet,7.8,53.0,In Progress,No,4,59.1,4.6,No,2025-05-26
STU00410,Joseph Howard,25.0,Other,India,CRS145,Cloud Computing Masterclass Intermediate,cloud computing,6613.23,2025-12-29,Mobile,Wallet,1.0,6.6,Not Started,No,0,,,No,2026-07-20
STU00678,Christopher Williams,28.0,Other,Nigeria,CRS100,Digital Marketing Masterclass Bootcamp,Digital Marketing,2133.23,2025-08-19,Desktop,UPI,18.9,91.4,In Progress,No,10,84.0,3.4,No,2026-02-18
STU00953,Pamela Beard,28.0,Male,Germany,CRS138,Cloud Computing Masterclass Advanced,cloud computing,4181.76,2025-08-30,Mobile,Debit Card,15.5,77.8,In Progress,No,3,91.0,5.0,No,2026-08-02
STU01426,Katrina Williams,26.0,Male,India,CRS114,Digital Marketing Masterclass Beginner,digital marketing,1589.73,2025-09-16,Mobile,Net Banking,8.6,59.4,In Progress,No,3,81.8,3.6,No,2026-05-06
STU00329,Alexander Landry,24.0,Male,India,CRS108,Web Development Masterclass Beginner,Web Development ,2977.19,2025-12-10,Mobile,Credit Card,16.6,87.7,In Progress,No,9,60.0,3.7,No,2026-04-29
STU01037,April Thomas,15.0,Male,UAE,CRS154,Graphic Design Masterclass Advanced,Graphic Design,1794.99,2026-06-20,Tablet,Debit Card,14.4,70.9,In Progress,No,5,73.0,4.0,No,2026-09-09
STU00086,Christopher Rubio,35.0,Female,Germany,CRS163,Cloud Computing Masterclass Beginner,cloud computing,5623.83,2026-04-21,Desktop,UPI,8.6,39.5,In Progress,No,5,81.5,3.6,No,2026-05-06
STU00084,Cheyenne Horton,28.0,Female,Australia,CRS169,Web Development Masterclass Intermediate,web dev,4678.86,2025-04-25,Desktop,Debit Card,3.0,5.7,Not Started,No,3,78.8,,No,2025-11-22
STU00207,Richard Palmer,32.0,Other,India,CRS165,Data Science Masterclass Intermediate,data science,1564.42,2025-12-15,Mobile,Net Banking,16.7,70.0,In Progress,No,7,69.2,4.0,No,2026-07-09
STU00104,Rachael Pearson,37.0,Male,Germany,CRS107,Web Development Masterclass Bootcamp,Web Dev,3326.66,2026-08-17,Tablet,Credit Card,18.5,84.4,In Progress,No,2,57.4,4.2,No,2026-08-28
STU00735,Kerry Barajas,,Female,India,CRS115,Cloud Computing Masterclass Beginner,Cloud Computing,3266.99,2025-09-21,Mobile,Credit Card,13.4,79.7,In Progress,No,8,86.6,3.0,No,2025-12-09
STU00695,Robert West,29.0,Female,Singapore,CRS196,Data Science Masterclass Beginner,Data  Science,3381.59,2025-10-13,Mobile,Credit Card,8.2,33.0,In Progress,No,1,86.0,3.5,No,2025-12-31
STU00498,Judy Beck,20.0,Other,UK,CRS186,Personal Development Masterclass Advanced,Personal Development,1899.79,2026-04-23,Desktop,UPI,22.0,97.6,Completed,Yes,6,90.9,4.6,No,2026-08-09
STU00328,Phillip Jimenez,21.0,Male,USA,CRS173,Graphic Design Masterclass Advanced,graphic design,1563.74,2025-09-04,Desktop,UPI,17.1,90.8,In Progress,No,7,93.9,5.0,No,2026-04-10
STU01488,Michelle Simpson,36.0,Female,USA,CRS171,Personal Development Masterclass Bootcamp,Personal Development,1623.66,2025-09-01,Mobile,Net Banking,13.9,61.8,In Progress,No,5,67.3,4.1,No,2026-01-21
STU00661,Haley Anderson,27.0,Male,India,CRS163,Web Development Masterclass Beginner,web dev,2586.31,2026-02-05,Desktop,Net Banking,16.8,46.7,In Progress,No,2,61.9,3.0,No,2026-04-01
STU00347,Amy Taylor,44.0,Other,Singapore,CRS148,Personal Development Masterclass Intermediate,Personal Development,1372.6,2026-07-07,Mobile,Wallet,6.4,31.0,In Progress,No,1,66.9,3.0,No,2026-09-08
STU00211,Ana Hill,18.0,Male,UAE,CRS102,Digital Marketing Masterclass Bootcamp,digital marketing,2953.76,2025-04-25,Mobile,Wallet,1.9,21.7,In Progress,No,0,,3.3,No,2025-06-05
STU00568,Rebecca Mayo,38.0,Other,USA,CRS148,Graphic Design Masterclass Advanced,Graphic Design,1636.03,2025-12-15,Desktop,Debit Card,29.3,97.1,Completed,Yes,9,64.4,4.4,No,2026-06-07
STU00143,Vernon Huff,39.0,Female,UAE,CRS109,IT & Software Masterclass Beginner,IT and Software,2518.68,2025-09-01,Mobile,Credit Card,9.3,52.7,In Progress,No,4,61.2,3.8,No,2025-12-05
STU00515,Juan Greene,24.0,Male,India,CRS150,Web Development Masterclass Beginner,Web Dev,4924.02,2025-05-30,Mobile,UPI,28.2,100.0,Completed,Yes,9,65.9,4.4,No,2025-10-08
STU01029,Matthew Sparks,31.0,Male,India,CRS147,Web Development Masterclass Bootcamp,Web Dev,2336.44,2026-05-15,Desktop,Debit Card,11.4,62.2,In Progress,No,3,95.5,3.9,No,2026-08-23
STU00865,Adam Brooks,36.0,Other,Philippines,CRS183,Data Science Masterclass Advanced,data science,3138.91,2025-10-27,Desktop,Debit Card,15.9,86.6,In Progress,No,4,51.1,5.0,No,2026-01-30
STU00892,Jamie Lopez,15.0,Female,,CRS169,Data Science Masterclass Intermediate,data science,2915.33,2025-09-24,Mobile,UPI,18.5,86.3,In Progress,No,8,93.9,3.5,No,2025-09-24
STU00815,Brandon Mitchell,25.0,Other,Philippines,CRS150,Digital Marketing Masterclass Beginner,Digital Marketing,1954.85,2025-12-11,Mobile,Credit Card,18.1,98.9,Completed,No,4,81.4,4.2,No,2026-07-06
STU01233,Mr. Michael Keller,29.0,Male,India,CRS102,Business & Finance Masterclass Beginner,Business and Finance,1582.49,2025-05-27,Desktop,UPI,21.3,99.4,Completed,Yes,10,91.4,5.0,No,2026-05-04
STU00564,Michael Thompson,19.0,Male,Canada,CRS144,IT & Software Masterclass Beginner,IT & Software,2129.49,2026-05-17,Mobile,UPI,0.4,0.0,Not Started,No,0,,,No,2026-07-04
STU01078,Tiffany Little,28.0,Male,India,CRS103,Graphic Design Masterclass Intermediate,graphic design,1710.24,2026-07-17,Mobile,Debit Card,3.0,4.2,Not Started,No,0,,,No,2026-08-27
STU00372,Nathan Smith,25.0,Female,India,CRS166,Cloud Computing Masterclass Intermediate,Cloud Computing,5909.45,2026-04-12,Mobile,Credit Card,13.4,59.2,In Progress,No,5,73.4,5.0,No,2026-09-10
STU01012,Timothy Mcdaniel,28.0,Other,India,CRS128,Web Development Masterclass Advanced,Web Dev,4875.81,2026-03-22,Tablet,UPI,9.6,38.2,In Progress,No,2,45.7,4.1,No,2026-06-24
STU00891,Edward Baker,32.0,Female,USA,CRS117,Digital Marketing Masterclass Advanced,Digital Marketing,2032.01,2025-12-30,Desktop,Net Banking,8.4,37.5,In Progress,No,1,74.1,3.3,No,2026-01-17
STU01234,Scott Hunter,27.0,Male,Philippines,CRS107,Data Science Masterclass Bootcamp,Data Science,1871.06,2026-03-08,Mobile,Wallet,5.1,26.0,In Progress,No,1,70.9,3.7,No,2026-06-27
STU00684,Tommy Moore,21.0,Female,India,CRS148,Graphic Design Masterclass Beginner,Graphic Design,1631.56,2025-05-16,Mobile,Net Banking,4.4,30.0,In Progress,No,0,,3.9,No,2026-04-22
STU00633,Kenneth Hanna,15.0,Male,India,CRS191,Web Development Masterclass Advanced,Web Development ,4774.04,2025-08-13,Desktop,Net Banking,,43.1,In Progress,No,3,84.3,4.1,No,2026-01-15
STU00195,Jesse Santiago,25.0,Other,India,CRS182,Digital Marketing Masterclass Advanced,digital marketing,2201.19,2025-05-08,Desktop,Credit Card,6.2,20.9,In Progress,No,1,49.6,4.1,No,2026-07-23
STU00514,Victor Edwards,29.0,Male,Canada,CRS173,Cloud Computing Masterclass Intermediate,cloud computing,4543.53,2026-04-12,Tablet,Net Banking,31.1,94.3,In Progress,No,7,90.1,4.3,No,2026-07-14
STU00210,Katherine Browning,20.0,Other,Australia,CRS106,Cloud Computing Masterclass Advanced,cloud computing,3405.02,2025-11-21,Desktop,Wallet,5.2,20.5,In Progress,No,2,77.5,3.7,No,2026-03-21
STU01001,Patrick Conley,,Other,Singapore,CRS150,IT & Software Masterclass Beginner,IT and Software,5152.98,2025-09-08,Desktop,Debit Card,21.4,100.0,Completed,Yes,6,85.0,4.2,No,2026-06-28
STU00636,David Trujillo,19.0,Other,USA,CRS153,Digital Marketing Masterclass Bootcamp,digital marketing,2538.57,2026-02-16,Tablet,Credit Card,9.7,22.8,In Progress,No,1,66.0,3.1,No,2026-06-24
STU00088,Linda Dodson DVM,32.0,Male,USA,CRS174,Business & Finance Masterclass Beginner,Business and Finance,1331.42,2026-05-07,Desktop,UPI,2.8,4.0,Not Started,No,0,,,No,2026-08-04
STU01181,Michelle Fischer,15.0,Female,Nigeria,CRS112,Graphic Design Masterclass Beginner,graphic design,2455.19,2026-07-04,Mobile,Net Banking,4.6,29.2,In Progress,No,6,79.7,3.9,No,2026-08-04
STU00910,James Barber,27.0,Female,USA,CRS148,Personal Development Masterclass Bootcamp,Personal Development,1197.31,2025-07-28,Mobile,Net Banking,4.1,10.3,In Progress,No,0,,4.5,No,2026-09-02
STU00191,Teresa Rodriguez,33.0,Female,Canada,CRS199,Web Development Masterclass Intermediate,web dev,3951.1,2026-03-01,Mobile,Wallet,12.4,47.1,In Progress,No,0,,3.8,No,2026-06-26
STU00179,Mary Hill,29.0,Other,Philippines,CRS110,Web Development Masterclass Bootcamp,Web Dev,4258.65,2026-08-14,Mobile,UPI,4.4,28.3,In Progress,No,2,75.1,4.5,No,2026-08-24
STU00557,William Johnson,29.0,Other,Canada,CRS199,Cloud Computing Masterclass Beginner,Cloud Computing,3002.82,2025-12-09,,Wallet,9.5,37.3,In Progress,No,4,66.0,4.8,No,2026-06-18
STU01136,Nicholas Dodson,23.0,Female,India,CRS159,Business & Finance Masterclass Advanced,Business and Finance,1208.75,2025-07-21,Mobile,Wallet,6.9,33.9,In Progress,No,1,59.3,4.1,No,2026-03-14
STU01150,Marc Marsh,23.0,Other,Germany,CRS147,Web Development Masterclass Advanced,Web Development,1690.57,2026-03-04,Mobile,Credit Card,3.5,7.5,Not Started,No,0,,,No,2026-06-17
STU01117,Mary Hill,19.0,Female,India,CRS189,Digital Marketing Masterclass Bootcamp,Digital Marketing,2481.68,2025-12-23,Desktop,Net Banking,6.6,42.2,In Progress,No,3,82.5,3.3,No,2026-02-19
STU00745,Robert Grant,26.0,Female,India,CRS154,IT & Software Masterclass Intermediate,IT and Software,3897.17,2025-09-06,Desktop,Net Banking,15.9,77.4,In Progress,No,6,80.6,4.4,No,2025-10-08
STU01448,Jerry Smith,18.0,Female,India,CRS146,Digital Marketing Masterclass Bootcamp,Digital Marketing,1016.73,2025-07-13,Mobile,Wallet,4.0,26.8,In Progress,No,1,65.2,4.6,No,2025-11-10
STU00512,Lori Hernandez,23.0,Female,India,CRS173,IT & Software Masterclass Beginner,IT & Software,3597.02,2026-02-18,Desktop,Wallet,21.7,81.5,In Progress,No,6,69.8,3.0,No,2026-05-22
STU01256,Maria Scott,22.0,Female,Australia,CRS194,IT & Software Masterclass Bootcamp,IT & Software,3707.16,2025-07-02,Tablet,,14.1,74.8,In Progress,No,3,83.7,4.0,No,2025-12-31
STU00472,Amy Garcia,24.0,Female,USA,CRS117,Personal Development Masterclass Advanced,Personal Development,584.94,2025-07-03,Mobile,Wallet,8.7,36.4,In Progress,No,5,73.9,4.4,No,2026-05-31
STU00399,Lori Simmons,32.0,Female,Canada,CRS135,Web Development Masterclass Bootcamp,web dev,4692.99,2026-07-22,Mobile,Credit Card,4.8,19.2,In Progress,No,1,67.6,3.7,No,2026-09-11
STU00036,Jeff Owens,23.0,Male,India,CRS156,Personal Development Masterclass Advanced,Personal Development,627.26,2025-06-25,Desktop,UPI,11.9,35.8,In Progress,No,5,55.3,3.7,No,2025-08-07
STU00206,Anthony Harmon,,Other,Nigeria,CRS105,IT & Software Masterclass Advanced,IT & Software,2037.74,2025-07-20,Desktop,Debit Card,21.2,100.0,Completed,Yes,3,78.6,4.2,No,2025-12-04
STU00609,Stephen Alvarez,24.0,Male,India,CRS173,Digital Marketing Masterclass Advanced,digital marketing,1900.44,2025-12-20,Mobile,Wallet,14.3,92.9,In Progress,No,4,85.2,4.4,No,2026-08-12
STU01300,Kristin Carpenter,36.0,Other,Singapore,CRS100,IT & Software Masterclass Advanced,IT & Software,5210.46,2025-10-09,Desktop,Net Banking,16.8,68.9,In Progress,No,3,81.0,4.6,No,2026-02-13
STU01175,Jake Mitchell,30.0,Female,USA,CRS105,Business & Finance Masterclass Advanced,Business and Finance,2036.34,2025-06-03,Mobile,UPI,21.1,90.0,In Progress,No,5,89.8,3.7,No,2026-07-10
STU01068,Eric Reese,31.0,Male,India,CRS178,Cloud Computing Masterclass Intermediate,cloud computing,4787.59,2025-05-17,Tablet,UPI,2.0,3.3,Not Started,No,0,,,No,2025-08-06
STU00430,Benjamin Frost,19.0,Female,USA,CRS163,Data Science Masterclass Beginner,Data Science,4226.54,2026-06-20,Desktop,Wallet,7.1,27.2,In Progress,No,0,,3.6,No,2026-08-01
STU00713,Shannon Joseph,31.0,Other,UK,CRS128,Data Science Masterclass Intermediate,DataScience,4426.34,2026-04-09,Mobile,Net Banking,4.0,8.6,Not Started,No,0,,,No,2026-05-27
STU00229,Matthew Tucker,27.0,Female,Canada,CRS158,Web Development Masterclass Advanced,Web Dev,1489.71,2026-02-01,Mobile,Debit Card,18.0,83.9,In Progress,No,3,64.7,4.1,No,2026-07-05
STU01004,Miss Sarah Duncan,23.0,Male,UK,CRS184,Data Science Masterclass Beginner,Data Science,5235.63,2025-08-10,Mobile,Wallet,8.3,26.7,In Progress,No,1,78.6,3.8,No,2025-08-22
STU01030,Marc Kelley,38.0,Male,UK,CRS156,IT & Software Masterclass Bootcamp,IT & Software,4220.24,2025-12-19,Mobile,Net Banking,12.3,54.3,In Progress,No,2,59.4,3.3,No,2026-04-07
STU01473,Patrick Harris,24.0,Male,UK,CRS169,Business & Finance Masterclass Advanced,Business and Finance,1416.52,2026-04-02,Desktop,Net Banking,4.6,24.7,In Progress,No,2,79.6,2.9,No,2026-09-09
STU00985,Rachel Thompson,27.0,Male,UAE,CRS139,Web Development Masterclass Advanced,Web Development,4158.5,2026-01-28,Tablet,Wallet,10.6,71.9,In Progress,No,8,81.4,3.7,No,2026-07-08
STU00728,Christopher Palmer,25.0,Other,India,CRS146,Web Development Masterclass Intermediate,Web Development,4308.34,2025-06-18,Mobile,UPI,2.3,14.2,In Progress,No,0,,2.1,Yes,2026-04-25
STU00319,Kristy Bryan,34.0,Female,Germany,CRS119,Business & Finance Masterclass Bootcamp,Business and Finance,3064.14,2026-03-26,Mobile,Wallet,13.8,61.3,In Progress,No,3,73.6,3.2,No,2026-07-10
STU00630,Becky Johnson,15.0,Female,UK,CRS126,Digital Marketing Masterclass Intermediate,digital marketing,867.81,2026-05-18,Mobile,Wallet,21.9,82.9,In Progress,No,4,79.8,5.0,No,2026-07-19
STU00926,Katherine Pearson,31.0,Male,Philippines,CRS131,Business & Finance Masterclass Intermediate,Business and Finance,2829.61,2025-05-25,Mobile,Net Banking,4.4,32.4,In Progress,No,3,67.5,2.8,No,2025-07-28
STU00894,Joseph Jimenez,30.0,Other,UAE,CRS125,Data Science Masterclass Intermediate,data science,3296.14,2026-02-22,Desktop,Credit Card,21.9,98.6,Completed,Yes,7,80.3,5.0,No,2026-06-14
STU01020,Christopher Carlson,22.0,Other,India,CRS101,Web Development Masterclass Intermediate,Web Development ,4376.51,2025-05-12,Desktop,Wallet,5.1,41.0,In Progress,No,1,66.0,3.7,No,2025-06-07
STU01393,Timothy Burns,35.0,Male,India,CRS178,Digital Marketing Masterclass Advanced,Digital Marketing,1037.21,2025-12-01,Mobile,Debit Card,26.5,94.6,In Progress,No,8,92.0,5.0,No,2026-04-03
STU00035,Richard Aguirre,26.0,Other,India,CRS106,Business & Finance Masterclass Advanced,Business & Finance,2648.59,2026-07-15,Mobile,UPI,19.6,97.1,Completed,Yes,4,87.4,4.2,No,2026-08-21
STU00076,Eric Ortiz,28.0,Other,USA,CRS112,Graphic Design Masterclass Intermediate,Graphic Design,2303.57,2026-05-31,Desktop,Wallet,9.3,48.9,In Progress,No,3,88.0,3.9,No,2026-08-18
STU00174,Briana Murray,22.0,Male,USA,CRS187,IT & Software Masterclass Intermediate,IT and Software,4495.31,2026-02-02,Mobile,Debit Card,1.1,0.0,Not Started,No,0,,,No,2026-03-28
STU01076,Brian Griffin,15.0,Female,India,CRS160,Web Development Masterclass Intermediate,web dev,2372.71,2026-05-22,Tablet,Credit Card,1.0,8.3,Not Started,No,0,,,No,2026-05-23
STU01213,Brian Rollins,,Other,Singapore,CRS172,Graphic Design Masterclass Advanced,Graphic Design,866.2,2025-10-01,Mobile,Net Banking,10.6,51.8,In Progress,No,3,79.9,3.8,No,2025-12-15
STU01340,Shannon Clark,16.0,Other,Philippines,CRS168,Cloud Computing Masterclass Advanced,cloud computing,2603.44,2025-05-15,Mobile,Debit Card,11.1,72.8,In Progress,No,1,70.4,5.0,No,2025-05-22
STU01438,Louis Turner,22.0,Male,,CRS195,Personal Development Masterclass Intermediate,Personal Development,871.85,2026-07-08,Mobile,Credit Card,8.8,29.1,In Progress,No,6,77.5,2.9,No,2026-08-02
STU00748,Mercedes Jones,,Male,USA,CRS119,Web Development Masterclass Beginner,Web Dev,1360.87,2026-02-01,Mobile,Debit Card,2.8,18.6,In Progress,No,1,60.8,3.0,Yes,2026-07-24
STU01396,Jaclyn Crane,22.0,Female,India,CRS198,Personal Development Masterclass Beginner,Personal Development,1673.66,2025-11-18,Mobile,Debit Card,6.8,42.9,In Progress,No,4,72.6,3.4,No,2026-07-02
STU00509,James Cross,35.0,Male,USA,CRS140,Cloud Computing Masterclass Beginner,cloud computing,5810.94,2025-10-23,Mobile,Wallet,4.4,27.8,In Progress,No,4,76.8,3.3,No,2025-12-05
STU00711,Denise Stuart,26.0,Female,Nigeria,CRS142,Cloud Computing Masterclass Intermediate,cloud computing,6960.08,2026-08-07,Mobile,Wallet,1.8,9.3,Not Started,No,1,80.7,,No,2026-09-14
STU00608,Sabrina Barnes,23.0,Other,UK,CRS145,Business & Finance Masterclass Advanced,Business & Finance,1717.63,2026-01-17,Mobile,UPI,18.1,98.7,Completed,Yes,9,78.3,4.3,No,2026-06-01
STU00388,Kimberly Valdez,26.0,Female,USA,CRS179,Personal Development Masterclass Bootcamp,Personal Development,660.2,2025-09-29,Mobile,UPI,3.8,12.6,In Progress,No,0,,3.0,No,2026-05-28
STU01118,Tracy Wells,34.0,Male,Canada,CRS195,Web Development Masterclass Beginner,Web Development,3159.8,2025-06-27,Desktop,Net Banking,13.3,47.4,In Progress,No,4,80.9,4.2,No,2026-06-18
STU01477,Cassandra Smith,30.0,Male,India,CRS163,Digital Marketing Masterclass Advanced,Digital Marketing,1887.93,2026-03-25,Mobile,Net Banking,24.7,89.7,In Progress,No,7,76.2,4.2,No,2026-05-24
STU00752,Suzanne Norton,42.0,Female,USA,CRS114,Business & Finance Masterclass Intermediate,Business and Finance,2695.22,2026-07-28,Mobile,Net Banking,12.0,62.0,In Progress,No,2,77.6,4.7,No,2026-08-04
STU00912,Alison Short,28.0,Male,India,CRS125,Business & Finance Masterclass Intermediate,Business and Finance,3659.69,2025-08-21,Mobile,Wallet,5.2,25.4,In Progress,No,1,66.7,4.0,No,2025-11-16
STU00149,Jose Travis,38.0,Other,Nigeria,CRS180,Cloud Computing Masterclass Bootcamp,cloud computing,6209.99,2025-09-02,Desktop,Wallet,18.6,89.0,In Progress,No,5,87.6,3.9,No,2026-09-06
STU00754,Kimberly Arroyo,27.0,Female,India,CRS144,IT & Software Masterclass Advanced,IT & Software,4720.07,2025-05-21,Desktop,Debit Card,26.0,89.8,In Progress,No,7,95.7,4.0,No,2025-05-23
STU00403,Kristin Anderson,28.0,Female,UK,CRS137,Digital Marketing Masterclass Beginner,digital marketing,1136.92,2026-07-04,Mobile,Credit Card,272.4,100.0,Completed,Yes,7,92.9,5.0,No,2026-08-15
STU00341,Lauren Robles,15.0,Other,Germany,CRS117,Personal Development Masterclass Bootcamp,Personal Development,1425.66,2025-09-25,Mobile,Net Banking,7.5,31.9,In Progress,No,1,100.0,3.1,No,2026-05-24
STU01245,Sara Herrera,15.0,Female,India,CRS152,IT & Software Masterclass Intermediate,IT and Software,4870.35,2025-11-30,Tablet,Debit Card,15.6,82.0,In Progress,No,6,77.0,4.2,No,2026-08-04
STU00988,Denise Rose,16.0,Male,Canada,CRS139,Cloud Computing Masterclass Bootcamp,Cloud Computing,6941.95,2025-08-17,Mobile,Credit Card,1.8,7.9,Not Started,No,0,,,No,2025-10-09
STU00201,Richard Sanchez,20.0,Male,USA,CRS163,IT & Software Masterclass Intermediate,IT & Software,3455.59,2026-02-13,,Net Banking,12.4,83.3,In Progress,No,3,100.0,3.3,No,2026-06-22
STU01116,Ivan Juarez,29.0,Other,Philippines,CRS147,IT & Software Masterclass Bootcamp,IT & Software,3442.43,2025-05-18,Mobile,Debit Card,11.1,48.1,In Progress,No,3,78.1,4.1,No,2026-01-31
STU00733,Jonathan Perry,36.0,Other,India,CRS110,Graphic Design Masterclass Intermediate,graphic design,2701.56,2025-07-10,Mobile,Debit Card,1.3,6.9,Not Started,No,0,,,No,2025-09-27
STU00541,Curtis Elliott,16.0,Male,UK,CRS158,Business & Finance Masterclass Intermediate,Business & Finance,2630.45,2025-09-04,Mobile,UPI,3.1,10.8,In Progress,No,2,75.1,3.7,No,2026-04-01
STU00692,Mason Moore,24.0,Female,USA,CRS152,Cloud Computing Masterclass Beginner,Cloud Computing,2349.31,2026-01-01,Mobile,Credit Card,4.3,28.1,In Progress,No,0,,4.0,No,2026-09-14
STU00610,Kathryn Lester,21.0,Female,Germany,CRS111,Digital Marketing Masterclass Beginner,digital marketing,2625.22,2025-04-28,Mobile,Credit Card,17.7,75.4,In Progress,No,6,87.3,4.5,No,2026-07-30
STU01489,Lauren Johnson,23.0,Female,Philippines,CRS105,Personal Development Masterclass Advanced,Personal Development,1829.39,2025-08-04,Desktop,Credit Card,4.4,25.5,In Progress,No,4,90.8,3.8,No,2026-01-15
STU00956,Keith Hall,29.0,Female,UK,CRS159,Personal Development Masterclass Beginner,Personal Development,621.92,2026-04-17,Mobile,Debit Card,10.4,43.1,In Progress,No,6,96.5,3.0,No,2026-07-20
STU00281,Jason Beck,22.0,Male,India,CRS171,IT & Software Masterclass Bootcamp,IT & Software,3764.72,2025-10-26,Mobile,Wallet,20.9,89.5,In Progress,No,4,87.5,5.0,No,2026-05-15
STU00411,Brett Zavala MD,15.0,Male,UK,CRS100,Business & Finance Masterclass Intermediate,Business & Finance,3761.61,2025-08-01,Tablet,Net Banking,7.7,47.7,In Progress,No,1,78.9,3.7,No,2026-02-28
STU01189,Anthony Flores,39.0,Male,India,CRS126,Cloud Computing Masterclass Advanced,Cloud Computing,2620.48,2026-01-10,Desktop,Wallet,2.9,13.8,In Progress,No,0,,3.7,No,2026-08-10
STU01293,Jennifer Ortiz,20.0,Female,UK,CRS177,Digital Marketing Masterclass Intermediate,digital marketing,2371.89,2026-08-15,Mobile,Wallet,19.6,100.0,Completed,Yes,7,80.9,4.4,No,2026-08-24
STU01182,Julian Williams,20.0,Male,UK,CRS117,Business & Finance Masterclass Advanced,Business & Finance,3778.24,2025-05-28,Desktop,UPI,10.6,73.6,In Progress,No,4,62.5,5.0,No,2025-08-24
STU00688,Michael Gregory,25.0,Other,Nigeria,CRS129,Business & Finance Masterclass Intermediate,Business & Finance,2279.22,2025-04-11,Tablet,Wallet,7.1,45.8,In Progress,No,4,91.4,3.9,No,2025-08-26
STU00336,Christina Hicks,22.0,Female,UAE,CRS140,Graphic Design Masterclass Advanced,graphic design,2089.85,2025-09-10,Tablet,Net Banking,22.6,100.0,Completed,Yes,6,75.9,4.7,No,2026-08-26
STU00643,Lindsay Guerrero,36.0,Other,India,CRS136,Data Science Masterclass Bootcamp,DataScience,5693.61,2026-06-27,Mobile,UPI,17.3,95.2,Completed,Yes,5,85.7,4.2,No,2026-09-01
STU00315,Frank Fletcher,21.0,Male,UK,CRS103,Business & Finance Masterclass Beginner,Business and Finance,2239.52,2025-05-22,Desktop,Wallet,21.9,100.0,Completed,Yes,4,70.6,4.3,No,2025-08-04
STU00783,Mr. Daniel Martin,31.0,Female,Singapore,CRS141,IT & Software Masterclass Bootcamp,IT and Software,2282.28,2026-05-12,Mobile,Debit Card,10.7,61.5,In Progress,No,2,92.9,4.6,No,2026-08-12
STU01187,Krystal Oneill,22.0,Female,India,CRS166,Business & Finance Masterclass Beginner,Business and Finance,2077.33,2025-04-22,Desktop,Net Banking,13.7,69.5,In Progress,No,8,92.4,4.0,No,2026-05-10
STU01446,Zachary Hill,37.0,Other,USA,CRS158,Cloud Computing Masterclass Intermediate,Cloud Computing,5356.67,2025-04-14,Desktop,Wallet,12.2,71.9,In Progress,No,6,69.1,4.8,No,2026-08-17
STU01443,Joseph Casey,21.0,Male,India,CRS120,Data Science Masterclass Bootcamp,DataScience,4470.85,2025-07-31,Desktop,Debit Card,2.5,6.8,Not Started,No,0,,,No,2026-03-23
STU00093,Michelle Brown,23.0,Other,India,CRS180,Graphic Design Masterclass Advanced,Graphic Design,2487.53,2025-05-29,Mobile,Net Banking,11.8,65.8,In Progress,No,8,71.8,4.2,No,2025-09-16
STU00835,Louis Green,30.0,Male,India,CRS166,Digital Marketing Masterclass Bootcamp,digital marketing,1350.12,2025-07-05,Mobile,Net Banking,6.3,46.4,In Progress,No,2,69.6,4.0,No,2026-03-17
STU00593,Joshua Garcia,32.0,Male,Philippines,CRS163,Digital Marketing Masterclass Beginner,digital marketing,1973.96,2026-06-19,Mobile,UPI,3.0,23.4,In Progress,No,2,59.4,2.4,No,2026-08-02
STU01476,Christopher Mcclure,18.0,Male,Nigeria,CRS148,IT & Software Masterclass Beginner,IT and Software,3687.21,2025-04-10,Desktop,Net Banking,12.3,66.6,In Progress,No,6,60.1,5.0,No,2025-04-25
STU00395,Daniel Shields,25.0,Female,India,CRS142,Web Development Masterclass Intermediate,Web Dev,1884.6,2026-04-05,Desktop,Net Banking,23.8,91.1,In Progress,No,4,74.5,4.2,No,2026-06-10
STU01304,Pam Baker,26.0,Other,India,CRS132,Digital Marketing Masterclass Advanced,Digital Marketing,2093.8,2025-08-12,Mobile,Net Banking,6.6,44.7,In Progress,No,1,73.2,2.9,No,2026-07-30
STU01070,Timothy Cole,16.0,Other,Germany,CRS113,Personal Development Masterclass Intermediate,Personal Development,1304.64,2025-06-02,Desktop,UPI,10.7,61.0,In Progress,No,6,93.2,3.9,No,2026-07-18
STU00576,Theresa Elliott,33.0,Other,India,CRS169,Personal Development Masterclass Intermediate,Personal Development,828.59,2026-07-04,Tablet,Wallet,17.9,91.0,In Progress,No,7,90.2,5.0,No,2026-07-06
STU00574,Heather Combs,32.0,Other,India,CRS135,Business & Finance Masterclass Beginner,Business & Finance,1367.44,2025-07-10,Mobile,Credit Card,11.2,69.1,In Progress,No,2,90.5,4.3,No,2026-07-13
STU01391,Jeremy Wood,25.0,Female,Canada,CRS113,Web Development Masterclass Bootcamp,web dev,3271.8,2025-04-20,Mobile,Debit Card,13.8,57.7,In Progress,No,7,97.1,4.1,No,2026-07-22
STU00736,Michael Griffin,24.0,Other,USA,CRS144,Graphic Design Masterclass Intermediate,graphic design,2285.37,2026-05-18,Mobile,UPI,4.7,26.6,In Progress,No,2,61.4,3.3,No,2026-09-15
STU01346,Kristen Roberts,23.0,Other,UAE,CRS147,Cloud Computing Masterclass Intermediate,Cloud Computing,3810.28,2026-05-31,Desktop,Credit Card,11.6,39.9,In Progress,No,2,81.5,3.3,No,2026-08-20
STU00280,Dana Thomas,29.0,Other,Canada,CRS182,Web Development Masterclass Intermediate,Web Development ,4990.99,2026-01-21,Mobile,Wallet,12.7,45.4,In Progress,No,1,68.0,4.4,No,2026-01-24
STU00338,Erin Austin,35.0,Female,USA,CRS159,Cloud Computing Masterclass Bootcamp,cloud computing,6788.16,2025-11-10,Mobile,Debit Card,11.1,47.0,In Progress,No,4,74.8,3.5,No,2026-05-18
STU00228,Anthony Moore,24.0,Male,Canada,CRS164,IT & Software Masterclass Intermediate,IT and Software,2089.21,2026-04-24,,Debit Card,11.2,46.1,In Progress,No,3,99.3,4.9,No,2026-07-16
STU00009,Dylan Miller,27.0,Female,USA,CRS183,Graphic Design Masterclass Beginner,graphic design,2605.89,2026-03-18,Mobile,Wallet,1.2,19.2,In Progress,No,0,,3.0,No,2026-03-26
STU01110,Paula Smith,23.0,Male,Germany,CRS193,Data Science Masterclass Intermediate,Data  Science,4150.68,2025-05-09,Desktop,Debit Card,4.7,14.0,In Progress,No,1,61.3,2.8,No,2026-07-04
STU01305,Zachary Gallagher,31.0,Male,India,CRS144,Personal Development Masterclass Advanced,Personal Development,609.85,2025-08-27,Mobile,Net Banking,10.3,73.8,In Progress,No,3,100.0,3.6,No,2026-08-07
STU01317,Tina Carroll,42.0,Male,USA,CRS140,Digital Marketing Masterclass Advanced,digital marketing,2190.25,2025-09-02,Mobile,UPI,31.2,94.4,In Progress,No,8,87.7,5.0,No,2026-06-07
STU00069,Diana May,17.0,Female,USA,CRS131,Business & Finance Masterclass Bootcamp,Business & Finance,2256.78,2025-09-04,Desktop,UPI,8.3,42.6,In Progress,No,1,61.3,3.9,No,2026-07-28
STU01380,Neil Singh,18.0,Female,Canada,CRS158,Graphic Design Masterclass Intermediate,Graphic Design,2411.88,2025-08-21,Desktop,Credit Card,18.7,100.0,Completed,Yes,8,84.7,4.1,No,2025-09-04
STU01121,Richard Washington,21.0,Male,UK,CRS153,Data Science Masterclass Advanced,data science,5629.35,2026-04-05,Mobile,UPI,9.0,33.6,In Progress,No,7,92.1,2.8,No,2026-09-05
STU01146,John Crosby,40.0,Female,India,CRS168,Data Science Masterclass Beginner,Data Science,2199.31,2026-08-08,Desktop,Net Banking,121.19999999999999,53.6,In Progress,No,1,71.7,3.4,No,2026-08-17
STU01307,David Mccarthy,24.0,Female,India,CRS134,Data Science Masterclass Advanced,Data Science,3542.27,2025-06-03,Mobile,UPI,24.9,98.0,Completed,No,10,89.2,4.0,No,2025-09-19
STU01205,Michael Webster,32.0,Other,India,CRS167,Cloud Computing Masterclass Bootcamp,Cloud Computing,2216.12,2025-05-19,Mobile,Debit Card,6.0,27.0,In Progress,No,2,66.5,3.1,No,2025-09-19
STU00025,Kerry Smith,39.0,Male,Nigeria,CRS161,Data Science Masterclass Beginner,data science,4368.43,2026-04-17,Desktop,Debit Card,1.1,6.7,Not Started,No,0,,,No,2026-07-09
STU00634,Debra Ortiz,15.0,Female,UK,CRS171,Personal Development Masterclass Bootcamp,Personal Development,642.58,2026-06-05,Desktop,Net Banking,7.3,18.0,In Progress,No,1,95.5,2.7,No,2026-08-11
STU00471,Jasmine Bush,,Female,Canada,CRS148,Business & Finance Masterclass Intermediate,Business & Finance,2134.95,2026-01-30,Mobile,Credit Card,6.1,21.4,In Progress,No,0,,4.4,No,2026-03-16
STU00558,Danielle Murray,34.0,Female,USA,CRS177,IT & Software Masterclass Advanced,IT & Software,1658.23,2025-10-14,Desktop,Debit Card,29.9,91.1,In Progress,No,4,82.8,4.8,No,2026-03-16
STU00294,Kimberly Morris,38.0,Male,UAE,CRS152,Cloud Computing Masterclass Intermediate,cloud computing,4448.12,2025-04-28,Tablet,Wallet,3.2,22.8,In Progress,No,2,54.1,3.5,No,2026-02-28
STU00773,Tracy Fitzgerald,26.0,Male,India,CRS132,Graphic Design Masterclass Bootcamp,Graphic Design,898.37,2025-06-19,Mobile,UPI,20.1,93.6,In Progress,No,5,68.3,3.6,No,2026-08-25
STU01433,Kimberly Cobb,,Female,India,CRS127,Cloud Computing Masterclass Bootcamp,cloud computing,5336.99,2026-06-24,Desktop,Wallet,13.4,48.5,In Progress,No,1,55.7,3.3,No,2026-08-23
STU01023,Robert Gillespie,31.0,Other,Nigeria,CRS146,Cloud Computing Masterclass Intermediate,Cloud Computing,5075.37,2026-04-13,Desktop,Debit Card,18.0,72.1,In Progress,No,5,65.9,4.0,No,2026-06-25
STU00121,Daniel Holt,37.0,Male,Philippines,CRS181,Personal Development Masterclass Advanced,Personal Development,1300.4,2025-11-27,Tablet,Net Banking,1.5,11.1,In Progress,No,2,74.1,3.6,No,2026-07-18
STU00906,Christopher Morales,24.0,Male,India,CRS163,Cloud Computing Masterclass Bootcamp,cloud computing,3408.27,2026-02-25,Mobile,Net Banking,5.2,33.9,In Progress,No,1,80.0,3.4,No,2026-08-24
STU00511,Brenda Moreno MD,36.0,Other,India,CRS171,Business & Finance Masterclass Bootcamp,Business and Finance,2329.38,2026-04-12,Desktop,UPI,2.4,0.0,Not Started,No,0,,,No,2026-05-03
STU00180,Amber Obrien,25.0,Female,Canada,CRS105,Business & Finance Masterclass Advanced,Business and Finance,1037.21,2026-01-05,Mobile,Net Banking,7.5,40.6,In Progress,No,2,53.7,3.9,No,2026-06-29
STU01094,Randall Holland,23.0,Female,India,CRS191,Cloud Computing Masterclass Intermediate,cloud computing,4362.3,2026-07-28,Desktop,Net Banking,6.4,35.2,In Progress,No,2,60.0,3.3,No,2026-08-01
STU01184,Tyler Flowers,30.0,Male,India,CRS187,Personal Development Masterclass Bootcamp,Personal Development,1164.93,2025-04-01,Mobile,UPI,2.4,0.0,Not Started,No,0,,,No,2025-04-02
STU00816,Victor Hill,24.0,Other,USA,CRS178,Data Science Masterclass Intermediate,Data  Science,4442.23,2026-05-21,Desktop,Wallet,21.4,100.0,Completed,Yes,9,85.7,4.7,No,2026-09-07
STU01463,Jill Sanchez,15.0,Male,USA,CRS135,Web Development Masterclass Advanced,Web Development,2920.45,2025-07-29,Mobile,Wallet,7.3,40.4,In Progress,No,3,65.3,2.5,No,2026-01-20
STU00864,Karen Smith,19.0,Male,India,CRS152,Web Development Masterclass Advanced,web dev,3134.21,2025-03-23,Desktop,Credit Card,16.8,76.3,In Progress,No,5,99.3,4.5,No,2026-08-06
STU01083,Janet Cook,19.0,Female,Canada,CRS173,Data Science Masterclass Bootcamp,Data  Science,4887.91,2025-06-10,Desktop,Wallet,19.1,100.0,Completed,Yes,6,79.5,4.5,No,2025-07-14
STU01323,Kayla Burns,15.0,Female,India,CRS145,Digital Marketing Masterclass Bootcamp,digital marketing,1310.68,2025-05-25,Desktop,Credit Card,10.7,38.8,In Progress,No,1,88.0,3.8,No,2026-04-10
STU00381,Ann Dixon,27.0,Male,Singapore,CRS147,Graphic Design Masterclass Bootcamp,Graphic Design,1475.19,2025-05-18,Mobile,Net Banking,2.7,5.6,Not Started,No,0,,,No,2025-08-26
STU00605,Jeremy Baker,34.0,Other,UK,CRS192,Business & Finance Masterclass Advanced,Business & Finance,2194.75,2025-06-22,Desktop,Credit Card,36.5,99.7,Completed,Yes,7,91.0,4.4,No,2026-07-28
STU01499,Susan Smith,27.0,Female,UK,CRS150,Business & Finance Masterclass Bootcamp,Business & Finance,1749.31,2026-08-17,Mobile,Wallet,27.0,100.0,Completed,Yes,8,97.2,4.1,No,2026-09-10
STU01319,James Thompson,25.0,Female,Australia,CRS174,IT & Software Masterclass Advanced,IT and Software,4058.99,2025-04-24,Mobile,Debit Card,13.6,52.8,In Progress,No,0,,4.5,No,2026-08-24
STU00551,Nancy Stewart,23.0,Other,Philippines,CRS141,IT & Software Masterclass Intermediate,IT and Software,2354.15,2025-08-28,Mobile,UPI,14.8,97.4,Completed,Yes,6,82.7,3.7,No,2026-07-03
STU01172,Alexander Ryan,28.0,Other,UK,CRS184,Web Development Masterclass Advanced,web dev,2610.22,2025-07-11,Desktop,Debit Card,2.3,24.8,In Progress,No,2,68.9,3.0,Yes,2026-08-21
STU00252,Jeffrey Mills,38.0,Male,India,CRS183,Personal Development Masterclass Advanced,Personal Development,1472.76,2025-06-16,Mobile,Wallet,24.4,100.0,Completed,Yes,8,71.2,4.4,No,2025-10-07
STU01402,Pamela Wagner,29.0,Other,India,CRS184,Business & Finance Masterclass Intermediate,Business and Finance,3505.38,2025-11-19,Mobile,Wallet,2.2,8.9,Not Started,No,1,68.5,,No,2026-06-25
STU00213,Michael Farrell,29.0,Other,India,CRS122,Digital Marketing Masterclass Intermediate,digital marketing,919.53,2025-11-08,Desktop,Wallet,4.3,14.9,In Progress,No,0,,3.2,No,2026-05-17
STU01292,Carlos Gates DDS,17.0,Female,India,CRS178,Personal Development Masterclass Beginner,Personal Development,1275.57,2026-04-27,Tablet,UPI,3.6,15.6,In Progress,No,0,,3.4,No,2026-06-07
STU00331,Julie Herrera,32.0,Female,UK,CRS169,Graphic Design Masterclass Bootcamp,Graphic Design,1601.03,2025-11-29,Mobile,Debit Card,31.1,94.1,In Progress,No,5,92.5,4.6,No,2026-08-14
STU00433,Ruben Price,30.0,Female,Philippines,CRS177,Business & Finance Masterclass Bootcamp,Business and Finance,2712.56,2025-04-27,Mobile,Debit Card,10.4,45.2,In Progress,No,5,97.9,5.0,No,2025-07-18
STU00277,Kimberly Acosta,22.0,Other,USA,CRS188,Digital Marketing Masterclass Beginner,Digital Marketing,2328.21,2025-04-28,Desktop,Net Banking,14.0,71.6,In Progress,No,5,67.9,4.9,No,2025-09-05
STU01408,Chelsey Alvarez,18.0,Other,Nigeria,CRS155,Digital Marketing Masterclass Beginner,digital marketing,2151.75,2026-01-11,Desktop,Debit Card,44.1,96.0,Completed,Yes,8,95.3,4.7,No,2026-01-24
STU00292,William Crawford,22.0,Other,USA,CRS122,Personal Development Masterclass Intermediate,Personal Development,1187.65,2026-04-07,Mobile,Wallet,14.8,95.7,Completed,Yes,11,99.1,4.4,No,2026-08-31
STU00902,Eric Blackburn,27.0,Male,India,CRS148,Personal Development Masterclass Beginner,Personal Development,1293.65,2025-08-03,Tablet,Debit Card,2.7,0.0,Not Started,No,0,,,No,2025-08-19
STU00449,Erin Cook,29.0,Male,India,CRS180,IT & Software Masterclass Beginner,IT & Software,4972.0,2025-09-06,Tablet,Wallet,5.1,20.7,In Progress,No,0,,3.4,No,2026-04-27
STU01267,Wayne Gonzales,27.0,Male,USA,CRS188,Data Science Masterclass Bootcamp,Data  Science,4145.88,2025-10-23,Desktop,Debit Card,5.5,7.6,Not Started,No,1,64.0,,No,2025-12-09
STU01315,Jordan Moses,17.0,Male,Singapore,CRS175,Cloud Computing Masterclass Beginner,Cloud Computing,4960.54,2025-04-29,Mobile,Credit Card,3.4,8.9,Not Started,No,1,64.6,,No,2026-06-24
STU00304,Donna Hendricks DDS,34.0,Female,India,CRS158,IT & Software Masterclass Bootcamp,IT and Software,3990.76,2025-07-31,Mobile,Credit Card,6.0,32.3,In Progress,No,1,65.8,2.8,No,2026-01-31
STU01296,Michelle Erickson,28.0,Female,India,CRS171,Web Development Masterclass Bootcamp,web dev,1870.91,2025-09-02,Desktop,Wallet,2.4,17.0,In Progress,No,2,60.3,3.0,No,2026-05-24
STU01423,Jodi Smith,18.0,Male,Nigeria,CRS120,Personal Development Masterclass Intermediate,Personal Development,1672.99,2025-12-21,Tablet,Debit Card,25.9,99.0,Completed,Yes,12,78.3,5.0,No,2026-04-14
STU00941,Charlotte Mason,31.0,Other,USA,CRS122,Graphic Design Masterclass Intermediate,Graphic Design,1158.37,2025-08-29,Mobile,Debit Card,40.1,100.0,Completed,Yes,6,65.8,4.8,No,2026-07-28
STU00068,Alexander Lee,32.0,Female,Philippines,CRS155,Cloud Computing Masterclass Beginner,Cloud Computing,3731.73,2025-08-23,Desktop,Net Banking,10.6,56.9,In Progress,No,2,96.4,3.8,No,2026-06-29
STU00020,Tricia Valencia,25.0,Male,India,CRS130,Web Development Masterclass Beginner,Web Dev,3598.33,2025-10-02,Mobile,UPI,10.1,49.1,In Progress,No,3,75.3,3.7,No,2026-09-16
STU00325,Justin Flores,31.0,Other,USA,CRS120,Cloud Computing Masterclass Bootcamp,cloud computing,2256.47,2026-08-05,Mobile,Wallet,5.1,4.9,Not Started,No,0,,,No,2026-08-10
STU01384,Mark Gomez,26.0,Male,UK,CRS197,Graphic Design Masterclass Beginner,graphic design,1010.05,2025-05-15,Mobile,Debit Card,13.2,54.3,In Progress,No,1,75.4,3.3,No,2025-06-13
STU00055,Juan Nelson,22.0,Female,India,CRS169,Graphic Design Masterclass Advanced,Graphic Design,1091.79,2025-05-27,Mobile,,6.7,30.6,In Progress,No,2,61.1,3.7,No,2025-07-21
STU00964,Sheri Buchanan,27.0,Female,India,CRS148,Personal Development Masterclass Intermediate,Personal Development,1171.31,2026-04-06,Mobile,Wallet,9.2,36.3,In Progress,No,1,69.2,3.0,No,2026-07-12
STU00932,Anthony Rush,28.0,Male,India,CRS181,Personal Development Masterclass Bootcamp,Personal Development,683.43,2026-04-14,Mobile,Net Banking,8.0,37.6,In Progress,No,3,72.5,3.5,No,2026-08-25
STU01420,Danielle Peters,30.0,Other,Canada,CRS135,Graphic Design Masterclass Beginner,graphic design,1820.37,2025-08-05,Mobile,Net Banking,12.4,28.2,In Progress,No,4,75.9,2.9,No,2026-09-03
STU00151,Christina Dunn,26.0,Female,India,CRS111,Business & Finance Masterclass Bootcamp,Business and Finance,1740.04,2026-04-14,Mobile,UPI,8.5,24.9,In Progress,No,1,78.6,4.2,No,2026-07-21
STU01257,Corey Sanchez,28.0,Other,Singapore,CRS115,Personal Development Masterclass Advanced,Personal Development,549.79,2026-01-23,Mobile,UPI,16.2,72.9,In Progress,No,4,71.8,3.4,No,2026-04-29
STU01122,Leslie Nguyen,17.0,Male,India,CRS166,Data Science Masterclass Bootcamp,Data  Science,4098.3,2025-05-18,Mobile,UPI,4.7,16.8,In Progress,No,3,69.6,3.5,No,2026-07-28
STU01275,Daniel Zamora,21.0,Male,Canada,CRS190,Web Development Masterclass Advanced,Web Dev,3221.53,2025-05-04,Mobile,,27.6,100.0,Completed,Yes,3,91.7,4.2,No,2026-06-20
STU01131,Sara Ramirez,33.0,Male,USA,CRS162,Cloud Computing Masterclass Advanced,Cloud Computing,3452.05,2025-11-26,Mobile,Credit Card,19.9,88.8,In Progress,No,6,61.5,4.5,No,2026-09-16
STU00744,Brittany Stevens,26.0,Female,USA,CRS121,Web Development Masterclass Intermediate,Web Development,2749.96,2026-02-16,Desktop,Credit Card,12.8,67.4,In Progress,No,2,87.1,5.0,No,2026-09-05
STU00750,Matthew Wells,23.0,Other,India,CRS197,Cloud Computing Masterclass Advanced,Cloud Computing,3445.89,2026-04-18,Desktop,Wallet,11.8,26.4,In Progress,No,2,74.5,2.3,No,2026-06-23
STU00756,Daniel Davenport,33.0,Other,India,CRS114,Graphic Design Masterclass Intermediate,graphic design,2498.2,2026-02-15,Mobile,Credit Card,7.8,41.3,In Progress,No,1,79.6,3.9,No,2026-06-05
STU01049,Kristen Cole,21.0,Other,Philippines,CRS188,Digital Marketing Masterclass Advanced,Digital Marketing,1470.86,2025-10-25,Mobile,Wallet,3.9,0.0,Not Started,No,0,,,No,2025-12-22
STU00812,Kelli Hall,31.0,Female,Canada,CRS174,Personal Development Masterclass Beginner,Personal Development,1639.23,2025-08-13,Desktop,UPI,12.8,63.0,In Progress,No,2,74.3,3.7,No,2025-08-26
STU00662,Rodney Evans,33.0,Other,USA,CRS165,Data Science Masterclass Beginner,DataScience,4097.4,2025-10-03,Mobile,UPI,16.0,98.3,Completed,Yes,3,74.5,4.2,No,2026-04-27
STU01383,Molly Benitez,18.0,Other,Germany,CRS135,Graphic Design Masterclass Intermediate,Graphic Design,1183.11,2026-01-19,Mobile,Wallet,0.6,8.2,Not Started,No,2,64.2,,No,2026-03-18
STU01107,Rebecca Duran,26.0,Female,Singapore,CRS185,Personal Development Masterclass Beginner,Personal Development,629.88,2026-01-10,Mobile,Net Banking,26.3,94.3,In Progress,No,11,91.0,3.6,No,2026-02-13
STU00256,Brenda Bailey,20.0,Male,UK,CRS135,Cloud Computing Masterclass Beginner,cloud computing,2312.63,2026-06-13,Mobile,Credit Card,4.8,29.9,In Progress,No,1,88.8,3.7,No,2026-07-15
STU00935,John Blair,33.0,Male,India,CRS115,Cloud Computing Masterclass Advanced,cloud computing,3680.8,2025-07-02,Mobile,Credit Card,9.5,40.5,In Progress,No,2,77.2,2.9,No,2026-02-18
STU00870,Denise Dean,34.0,Female,India,CRS143,Digital Marketing Masterclass Advanced,digital marketing,1087.54,2025-08-15,Mobile,UPI,6.5,32.0,In Progress,No,2,50.6,4.1,No,2026-04-26
STU01397,Kenneth Williams,27.0,Male,Canada,CRS154,Data Science Masterclass Intermediate,DataScience,3262.21,2026-01-24,Mobile,UPI,9.6,27.9,In Progress,No,1,86.1,3.0,No,2026-04-30
STU00893,Cynthia Le,18.0,Female,Canada,CRS184,Digital Marketing Masterclass Bootcamp,Digital Marketing,866.87,2025-03-28,Mobile,Credit Card,15.2,84.9,In Progress,No,8,84.2,4.7,No,2026-07-02
STU00874,Erin Bridges,15.0,Female,UAE,CRS101,Web Development Masterclass Advanced,Web Development,4872.36,2026-08-16,Mobile,Debit Card,19.2,100.0,Completed,Yes,10,56.7,4.5,No,2026-08-31
STU00614,Suzanne Jones,29.0,Female,USA,CRS105,Graphic Design Masterclass Beginner,Graphic Design,2598.47,2026-05-24,Desktop,Credit Card,3.2,3.0,Not Started,No,0,,,No,2026-06-23
STU01101,Kerry Buckley,37.0,Female,USA,CRS159,Digital Marketing Masterclass Beginner,Digital Marketing,887.57,2026-03-04,Desktop,Credit Card,5.8,28.2,In Progress,No,0,,3.4,No,2026-08-24
STU00389,Kendra Luna,29.0,Other,Philippines,CRS176,Web Development Masterclass Beginner,Web Dev,3612.65,2025-09-14,Tablet,UPI,11.5,70.0,In Progress,No,5,97.8,4.1,No,2025-11-18
STU00937,Richard Williamson,15.0,Other,India,CRS191,Graphic Design Masterclass Bootcamp,Graphic Design,836.9,2025-04-10,Desktop,Wallet,13.4,72.0,In Progress,No,8,98.7,3.9,No,2025-07-08
STU00407,Felicia Krueger,29.0,Other,UAE,CRS148,Data Science Masterclass Beginner,Data Science,4039.87,2026-01-01,Mobile,Credit Card,1.3,3.0,Not Started,No,0,,,No,2026-05-05
STU00795,Andrew Moreno,120.0,Male,India,CRS135,Digital Marketing Masterclass Advanced,digital marketing,1576.61,2026-02-17,Tablet,Net Banking,5.9,42.5,In Progress,No,3,87.1,4.6,No,2026-06-08
STU00716,Harold Castillo,24.0,Other,Canada,CRS191,Cloud Computing Masterclass Advanced,cloud computing,2322.45,2026-03-12,Tablet,UPI,7.3,35.1,In Progress,No,3,100.0,3.1,No,2026-05-12
STU01135,Samantha Chavez,25.0,Female,India,CRS110,Digital Marketing Masterclass Intermediate,Digital Marketing,1172.94,2025-12-18,Mobile,UPI,19.9,86.1,In Progress,No,1,85.9,4.5,No,2026-04-28
STU01024,Michelle Marshall,36.0,Female,USA,CRS186,IT & Software Masterclass Beginner,IT & Software,2813.09,2025-11-16,Mobile,Credit Card,7.8,32.7,In Progress,No,1,81.9,4.1,No,2026-04-04
STU01056,Greg Osborne,28.0,Male,UK,CRS195,Digital Marketing Masterclass Advanced,digital marketing,2347.35,2026-05-05,Tablet,Wallet,3.1,3.7,Not Started,No,0,,,No,2026-06-16
STU01324,Jenny Avila,33.0,Other,India,CRS173,Digital Marketing Masterclass Bootcamp,digital marketing,1863.3,2026-06-19,Mobile,Wallet,8.8,56.8,In Progress,No,2,75.6,3.7,No,2026-08-01
STU00247,Ronald Jones,99.0,Female,Canada,CRS197,Data Science Masterclass Advanced,data science,5247.74,2025-08-26,Desktop,Credit Card,7.4,31.2,In Progress,No,1,86.2,2.6,No,2026-02-17
STU00146,Gregory Cook,18.0,Male,India,CRS167,Business & Finance Masterclass Advanced,Business & Finance,1364.16,2026-02-10,Mobile,Wallet,6.6,40.8,In Progress,No,1,87.9,4.5,No,2026-05-29
STU01409,Catherine Smith,24.0,Other,India,CRS143,Cloud Computing Masterclass Bootcamp,cloud computing,6933.88,2026-06-25,Mobile,Debit Card,9.0,46.4,In Progress,No,4,63.3,4.4,No,2026-07-05
STU01153,Kathleen Golden,43.0,Other,UK,CRS141,Cloud Computing Masterclass Beginner,cloud computing,4633.45,2025-05-14,Desktop,Net Banking,9.4,56.3,In Progress,No,2,77.6,3.6,No,2025-09-26
STU01387,Linda Bell,27.0,Other,India,CRS100,Web Development Masterclass Bootcamp,Web Dev,2410.29,2026-06-24,Desktop,Wallet,16.1,93.2,In Progress,No,3,76.0,4.5,No,2026-08-16
STU00623,Annette Melton,23.0,Female,USA,CRS121,IT & Software Masterclass Advanced,IT and Software,4548.13,2025-08-10,Mobile,Credit Card,22.8,100.0,Completed,Yes,5,83.4,5.0,No,2026-02-24
STU01482,James Greene,33.0,Other,India,CRS168,Cloud Computing Masterclass Intermediate,Cloud Computing,3296.83,2026-05-03,Desktop,Credit Card,5.2,38.4,In Progress,No,2,53.8,2.9,No,2026-05-29
STU00461,Tracie Jordan,30.0,Other,UK,CRS128,Business & Finance Masterclass Intermediate,Business and Finance,1858.41,2026-03-04,Desktop,Net Banking,2.6,18.8,In Progress,No,0,,2.6,No,2026-05-22
STU00487,Gregory Montoya,33.0,Other,UK,CRS199,Digital Marketing Masterclass Advanced,digital marketing,1145.85,2025-08-19,Mobile,UPI,10.2,57.8,In Progress,No,7,78.2,3.2,No,2026-09-17
STU01435,Samantha Howard,,Other,USA,CRS133,IT & Software Masterclass Bootcamp,IT & Software,5147.1,2026-03-01,Mobile,UPI,7.5,26.1,In Progress,No,1,58.8,2.8,No,2026-05-10
STU00091,Lori Hill,32.0,Male,Philippines,CRS100,Business & Finance Masterclass Advanced,Business and Finance,1461.69,2026-02-11,Mobile,,20.5,94.4,In Progress,No,6,75.4,4.6,No,2026-07-28
STU01230,Jeffrey Melendez,24.0,Other,Nigeria,CRS173,Web Development Masterclass Bootcamp,Web Dev,3034.71,2025-12-26,Mobile,Wallet,3.7,27.5,In Progress,No,1,57.0,3.5,No,2026-09-05
STU00493,Sharon Martinez DVM,26.0,Female,UK,CRS170,IT & Software Masterclass Bootcamp,IT and Software,3009.39,2026-04-29,Mobile,Credit Card,4.7,22.9,In Progress,No,1,86.7,3.1,No,2026-09-06
STU00171,Stephanie Williams,29.0,Female,USA,CRS123,Graphic Design Masterclass Intermediate,Graphic Design,2552.05,2026-06-13,Desktop,Debit Card,3.3,15.2,In Progress,No,1,75.0,3.4,No,2026-07-26
STU00057,Anna Henderson,21.0,Male,India,CRS197,Cloud Computing Masterclass Bootcamp,cloud computing,4538.05,2025-11-26,Mobile,Wallet,1.5,11.6,In Progress,No,0,,2.6,No,2026-08-20
STU00405,Derrick Nunez,30.0,Male,India,CRS175,Personal Development Masterclass Beginner,Personal Development,772.73,2025-05-05,Tablet,Debit Card,13.7,82.2,In Progress,No,4,71.4,4.6,No,2026-05-03
STU01266,Paul Young,20.0,Male,Germany,CRS111,Digital Marketing Masterclass Bootcamp,Digital Marketing,2450.18,2025-09-05,Mobile,Debit Card,6.3,25.5,In Progress,No,2,86.1,4.1,No,2026-04-13
STU00600,David Williams,40.0,Male,UK,CRS161,Graphic Design Masterclass Beginner,graphic design,1233.71,2026-03-31,Tablet,Wallet,9.5,71.9,In Progress,No,2,68.7,4.5,No,2026-05-15
STU01016,Adrian Dean,25.0,Female,India,CRS118,Cloud Computing Masterclass Intermediate,cloud computing,4875.56,2025-05-18,Mobile,Debit Card,9.5,65.7,In Progress,No,3,88.3,4.3,No,2025-07-29
STU00098,Allen Rogers,26.0,Other,USA,CRS141,Digital Marketing Masterclass Bootcamp,Digital Marketing,2303.25,2025-07-11,Mobile,Wallet,7.2,23.5,In Progress,No,2,67.6,3.5,No,2025-10-14
STU00827,Christine Harris,35.0,Male,India,CRS133,Cloud Computing Masterclass Advanced,cloud computing,6825.16,2025-06-30,Mobile,Credit Card,19.0,87.2,In Progress,No,7,78.1,4.5,No,2026-05-23
STU01141,Jeffery Nelson,27.0,Female,Australia,CRS147,Digital Marketing Masterclass Advanced,digital marketing,803.79,2026-06-23,Mobile,Credit Card,4.3,23.1,In Progress,No,4,75.2,3.1,No,2026-07-21
STU01226,Barry Gregory,34.0,Female,UAE,CRS110,Web Development Masterclass Beginner,Web Development,1215.3,2025-05-27,Mobile,Wallet,3.2,11.8,In Progress,No,1,68.7,3.0,No,2025-07-13
STU00480,Adam Taylor,22.0,Other,UK,CRS115,Digital Marketing Masterclass Bootcamp,Digital Marketing,1162.05,2025-11-07,Desktop,Wallet,16.3,83.2,In Progress,No,5,86.4,3.7,No,2025-11-23
STU00324,Morgan Valencia,25.0,Female,Australia,CRS173,Web Development Masterclass Beginner,Web Development,4261.47,2026-01-26,,Credit Card,5.5,17.9,In Progress,No,1,44.8,2.9,No,2026-04-09
STU01218,Zachary Vasquez,28.0,Male,Singapore,CRS143,Web Development Masterclass Bootcamp,Web Development ,2999.8,2025-11-19,Tablet,UPI,14.5,61.9,In Progress,No,2,60.5,4.0,No,2026-06-12
STU01349,Jennifer Kennedy,24.0,Other,UK,CRS106,Business & Finance Masterclass Advanced,Business and Finance,1776.95,2025-08-29,Desktop,Debit Card,10.3,66.0,In Progress,No,2,75.9,3.9,No,2025-09-22
STU00099,John Anderson,23.0,Male,UAE,CRS190,Graphic Design Masterclass Bootcamp,graphic design,2074.47,2026-03-05,Mobile,UPI,8.4,39.0,In Progress,No,3,72.3,3.7,No,2026-05-23
STU01133,Kenneth Smith,26.0,Other,UK,CRS143,Data Science Masterclass Intermediate,Data  Science,3450.94,2026-06-23,Desktop,Credit Card,7.2,19.4,In Progress,No,1,82.2,3.7,No,2026-08-13
STU00425,Karl Branch,22.0,Other,UK,CRS146,Web Development Masterclass Advanced,Web Development,3416.57,2025-10-10,Desktop,Net Banking,9.0,59.6,In Progress,No,5,63.8,4.5,No,2026-02-14
STU00297,Theresa Jones,21.0,Other,UAE,CRS154,Business & Finance Masterclass Advanced,Business & Finance,1001.96,2026-08-17,Mobile,Net Banking,4.6,27.9,In Progress,No,1,85.3,2.2,No,2026-08-25
STU00738,Janice Fernandez,21.0,Male,Singapore,CRS164,Graphic Design Masterclass Advanced,graphic design,1003.89,2025-08-31,Mobile,Credit Card,6.2,44.0,In Progress,No,4,100.0,3.3,No,2026-08-16
STU01427,James Martinez,28.0,Other,USA,CRS132,Cloud Computing Masterclass Bootcamp,Cloud Computing,5669.15,2026-04-05,Desktop,Credit Card,2.6,13.0,In Progress,No,0,,4.0,No,2026-07-07
STU00903,Kim Lopez,24.0,Other,India,CRS168,IT & Software Masterclass Bootcamp,IT and Software,2423.87,2026-07-28,Mobile,Wallet,9.4,50.2,In Progress,No,3,86.8,3.5,No,2026-08-02
STU00602,Christina Johnson,22.0,Male,Singapore,CRS100,Cloud Computing Masterclass Bootcamp,Cloud Computing,3398.01,2025-08-18,Mobile,UPI,12.8,75.2,In Progress,No,5,70.2,4.3,No,2026-05-07
STU01000,Stephanie Herrera,29.0,Other,India,CRS116,Business & Finance Masterclass Beginner,Business & Finance,3864.67,2026-02-15,Mobile,Net Banking,1.0,2.8,Not Started,No,0,,,No,2026-05-29
STU01364,Mark Pitts,33.0,Female,Canada,CRS102,Personal Development Masterclass Beginner,Personal Development,1937.83,2026-05-18,Mobile,Net Banking,20.8,100.0,Completed,Yes,8,89.7,4.1,No,2026-05-23
STU00396,Robert Dennis,23.0,Female,UAE,CRS179,Business & Finance Masterclass Advanced,Business & Finance,1269.28,2025-04-17,Mobile,Wallet,5.0,26.1,In Progress,No,0,,3.3,No,2026-01-03
STU00427,Juan Brown,15.0,Other,India,CRS113,Web Development Masterclass Beginner,Web Development,4535.45,2026-04-15,Mobile,UPI,24.1,100.0,Completed,Yes,6,100.0,4.3,No,2026-04-29
STU01361,Kaylee Caldwell,28.0,Male,UAE,CRS157,IT & Software Masterclass Bootcamp,IT & Software,4030.84,2025-08-04,Mobile,Net Banking,5.9,24.0,In Progress,No,5,80.4,3.3,No,2025-10-04
STU01039,Susan Torres,31.0,Male,USA,CRS178,Graphic Design Masterclass Beginner,Graphic Design,1787.06,2026-03-06,Mobile,Debit Card,21.7,99.6,Completed,Yes,4,87.4,4.3,No,2026-05-07
STU00253,Jason Morgan,28.0,Other,Canada,CRS117,Business & Finance Masterclass Bootcamp,Business and Finance,2762.76,2025-06-09,Mobile,Debit Card,20.5,100.0,Completed,Yes,3,83.7,4.8,No,2025-11-29
STU00239,Eric Morgan,29.0,Male,India,CRS184,Cloud Computing Masterclass Advanced,cloud computing,2000.06,2026-01-17,Tablet,Credit Card,6.7,18.7,In Progress,No,1,69.1,2.6,No,2026-05-24
STU01145,Michael Harris,17.0,Female,India,CRS102,Web Development Masterclass Beginner,Web Dev,4232.14,2025-06-17,Mobile,Net Banking,19.1,81.7,In Progress,No,7,89.8,4.7,No,2026-02-27
STU00845,Sean Mccarty,23.0,Female,UK,CRS118,Graphic Design Masterclass Beginner,graphic design,805.04,2025-07-30,Mobile,UPI,0.8,2.3,Not Started,No,0,,,No,2025-08-07
STU00846,Carrie Deleon,21.0,Male,India,CRS109,Personal Development Masterclass Beginner,Personal Development,574.17,2025-06-29,Desktop,Net Banking,17.5,60.7,In Progress,No,1,89.8,3.6,No,2026-03-12
STU00555,Melissa Williams,15.0,Male,USA,CRS174,Digital Marketing Masterclass Beginner,Digital Marketing,2781.67,2025-06-08,Mobile,UPI,17.3,78.2,In Progress,No,2,51.8,3.7,No,2026-04-24
STU01221,Kurt Ewing,33.0,Male,Canada,CRS169,Graphic Design Masterclass Advanced,Graphic Design,2570.43,2025-04-21,Mobile,Credit Card,20.8,100.0,Completed,Yes,9,95.4,5.0,No,2026-09-05
STU00546,Cynthia Vasquez,15.0,Male,Canada,CRS110,Data Science Masterclass Advanced,DataScience,2869.38,2026-03-29,Mobile,Debit Card,22.8,98.5,Completed,Yes,5,80.5,4.9,No,2026-04-15
STU00251,Miguel Wagner,15.0,Female,India,CRS102,IT & Software Masterclass Intermediate,IT and Software,2557.11,2025-05-11,Mobile,Debit Card,9.4,42.2,In Progress,No,4,66.9,3.5,No,2026-07-30
STU00740,Cheryl Palmer,21.0,Male,Australia,CRS117,Graphic Design Masterclass Bootcamp,graphic design,1859.67,2025-11-04,Mobile,Net Banking,3.0,20.7,In Progress,No,1,90.0,3.4,No,2025-11-17
STU00965,Amanda Forbes,27.0,Male,Canada,CRS126,Personal Development Masterclass Beginner,Personal Development,1087.59,2025-12-13,Desktop,UPI,2.1,17.5,In Progress,No,2,73.0,3.2,No,2026-04-17
STU00199,Heather Sanders,28.0,Other,UK,CRS157,Digital Marketing Masterclass Advanced,Digital Marketing,2634.03,2026-03-08,Mobile,Net Banking,1.5,1.5,Not Started,No,0,,,No,2026-06-21
STU00898,Dawn Diaz,22.0,Male,USA,CRS156,Personal Development Masterclass Intermediate,Personal Development,925.1,2026-02-22,Mobile,Credit Card,23.0,100.0,Completed,Yes,5,93.5,4.5,No,2026-06-11
STU01337,Tracy Guzman,15.0,Other,UK,CRS193,Digital Marketing Masterclass Bootcamp,Digital Marketing,961.83,2025-11-20,Mobile,Credit Card,3.6,26.7,In Progress,No,3,51.5,2.9,No,2026-06-16
STU01320,Samuel Martin,32.0,Other,USA,CRS189,Digital Marketing Masterclass Intermediate,digital marketing,1921.39,2026-07-30,Desktop,UPI,17.9,74.2,In Progress,No,7,90.6,5.0,No,2026-09-11
STU00990,Mr. Timothy Andersen,37.0,Other,Germany,CRS193,Graphic Design Masterclass Intermediate,graphic design,2127.32,2026-02-07,Tablet,Debit Card,2.8,8.4,Not Started,No,0,,,No,2026-09-15
STU01041,Edward Wood,24.0,Male,India,CRS131,Data Science Masterclass Advanced,Data  Science,5727.66,2026-08-10,Mobile,UPI,2.6,7.9,Not Started,No,0,,,No,2026-08-25
STU01183,Justin Ford,22.0,Female,UK,CRS159,Business & Finance Masterclass Intermediate,Business & Finance,3896.37,2026-05-20,Mobile,Credit Card,1.6,10.9,In Progress,No,2,71.1,1.0,Yes,2026-08-28
STU00244,Kristy Reid,23.0,Female,India,CRS128,IT & Software Masterclass Bootcamp,IT and Software,4437.78,2026-04-15,Mobile,Wallet,7.9,38.3,In Progress,No,0,,2.7,No,2026-06-24
STU00067,Robert Stevens,,Other,USA,CRS101,Data Science Masterclass Advanced,DataScience,4160.74,2026-06-12,Mobile,Wallet,6.1,32.1,In Progress,No,1,59.3,2.5,No,2026-09-04
STU01447,Peter Stephenson,29.0,Female,Nigeria,CRS159,Web Development Masterclass Advanced,Web Development ,2338.85,2026-03-05,Mobile,UPI,6.2,20.2,In Progress,No,1,58.9,3.9,No,2026-06-04
STU00934,Daniel Medina,28.0,Female,USA,CRS156,IT & Software Masterclass Bootcamp,IT & Software,4219.35,2025-05-15,Mobile,Debit Card,9.7,55.0,In Progress,No,5,84.1,4.5,No,2025-12-21
STU00360,Sherry Woods,23.0,Female,India,CRS113,Cloud Computing Masterclass Beginner,Cloud Computing,3996.66,2026-07-12,Desktop,UPI,15.4,61.0,In Progress,No,6,90.1,3.4,No,2026-08-08
STU00096,Paul Castaneda,24.0,Female,India,CRS135,Cloud Computing Masterclass Intermediate,cloud computing,4706.33,2025-10-01,Desktop,Debit Card,9.3,58.9,In Progress,No,4,89.7,3.3,No,2025-10-03
STU01472,Marcus Allen,18.0,Female,Germany,CRS157,Data Science Masterclass Bootcamp,Data  Science,3585.23,2025-03-20,Tablet,Net Banking,21.5,87.6,In Progress,No,9,90.0,5.0,No,2025-07-19
STU01486,Amy Romero,23.0,Female,UAE,CRS166,IT & Software Masterclass Beginner,IT & Software,1702.44,2025-04-30,Tablet,Wallet,1.5,9.4,Not Started,No,1,58.1,,No,2025-12-24
STU00522,Antonio Mccormick,24.0,Other,India,CRS133,IT & Software Masterclass Bootcamp,IT & Software,3656.78,2025-04-22,Mobile,UPI,9.9,49.6,In Progress,No,6,58.2,4.8,No,2025-09-03
STU00975,Randy Barr,29.0,Other,Germany,CRS124,IT & Software Masterclass Bootcamp,IT & Software,2570.05,2026-07-23,Desktop,Wallet,6.2,40.7,In Progress,No,4,71.6,3.5,No,2026-08-13
STU00666,Caroline Richardson,20.0,Female,Canada,CRS180,Digital Marketing Masterclass Beginner,digital marketing,2272.71,2025-05-25,Mobile,Net Banking,13.8,74.5,In Progress,No,4,92.7,4.0,No,2026-05-13
STU00362,Miranda Zuniga,22.0,Other,Canada,CRS104,Web Development Masterclass Bootcamp,Web Dev,3743.03,2025-05-04,Desktop,Debit Card,3.4,1.8,Not Started,No,0,,,No,2026-02-16
STU00485,Rodney Williams,35.0,Other,Australia,CRS183,Personal Development Masterclass Intermediate,Personal Development,1467.73,2026-04-23,Mobile,Credit Card,10.3,38.6,In Progress,No,2,48.3,4.8,No,2026-08-22
STU01176,Anita Luna,43.0,Female,UK,CRS101,Web Development Masterclass Bootcamp,Web Development ,4673.99,2025-09-16,Desktop,UPI,23.8,86.9,In Progress,No,3,100.0,3.2,No,2026-09-09
STU01281,Brandy Morales,30.0,Male,UAE,CRS195,Web Development Masterclass Bootcamp,Web Development,4527.12,2026-02-13,Desktop,UPI,10.6,46.2,In Progress,No,2,65.1,2.7,No,2026-06-29
STU00312,Maria Cole,16.0,Other,Philippines,CRS121,Personal Development Masterclass Intermediate,Personal Development,1761.36,2026-05-18,Mobile,Wallet,0.2,10.6,In Progress,No,1,61.6,2.0,Yes,2026-05-27
STU01329,Anthony Jones,18.0,Male,Canada,CRS130,Digital Marketing Masterclass Bootcamp,Digital Marketing,2159.94,2026-05-28,Mobile,Debit Card,32.9,99.3,Completed,Yes,6,80.5,5.0,No,2026-07-26
STU00843,Karen Soto,33.0,Other,Nigeria,CRS158,Web Development Masterclass Beginner,Web Dev,2698.18,2026-03-11,Mobile,Wallet,4.1,25.1,In Progress,No,6,69.9,3.3,No,2026-03-22
STU00414,James Whitaker,28.0,Other,India,CRS105,Business & Finance Masterclass Advanced,Business & Finance,1158.23,2025-10-20,Desktop,Credit Card,9.4,52.3,In Progress,No,2,100.0,2.9,No,2025-12-09
STU01158,Eric Anderson,21.0,Male,India,CRS173,Personal Development Masterclass Intermediate,Personal Development,560.17,2026-03-14,Mobile,UPI,17.4,89.7,In Progress,No,8,69.9,3.8,No,2026-08-19
STU00032,Crystal Robinson,15.0,Other,Philippines,CRS164,Data Science Masterclass Bootcamp,Data  Science,4993.86,2025-07-13,Tablet,Credit Card,3.2,28.8,In Progress,No,1,65.5,3.4,No,2025-12-06
STU00766,Deborah Mercado,18.0,Female,USA,CRS152,Digital Marketing Masterclass Advanced,digital marketing,1786.79,2026-06-05,,Credit Card,4.0,24.5,In Progress,No,2,74.3,3.9,No,2026-06-19
STU00459,Angela Mack,31.0,Female,Canada,CRS142,Cloud Computing Masterclass Beginner,cloud computing,2133.04,2026-06-24,Mobile,Debit Card,17.0,100.0,Completed,Yes,5,95.2,4.8,No,2026-08-09
STU01186,Donald Gamble,40.0,Male,Canada,CRS147,Personal Development Masterclass Beginner,Personal Development,1445.28,2026-03-09,Mobile,Debit Card,10.6,64.5,In Progress,No,6,44.3,3.3,No,2026-04-25
STU00340,Elizabeth Cabrera,28.0,Female,USA,CRS122,Web Development Masterclass Intermediate,Web Development,3835.0,2026-05-21,Mobile,UPI,4.0,21.4,In Progress,No,2,73.6,3.0,No,2026-07-23
STU00287,Robin Brown,27.0,Other,Canada,CRS100,Personal Development Masterclass Beginner,Personal Development,1197.51,2025-11-14,Mobile,Wallet,6.5,29.6,In Progress,No,3,62.9,3.3,No,2026-06-16
STU01273,Sean Mathews,31.0,Female,USA,CRS106,Business & Finance Masterclass Advanced,Business and Finance,2453.28,2025-09-22,Mobile,Net Banking,5.5,24.0,In Progress,No,2,55.8,4.2,No,2026-07-12
STU01494,Christopher Hall,33.0,Male,Singapore,CRS149,Web Development Masterclass Advanced,web dev,3658.37,2026-05-08,Desktop,UPI,12.9,86.9,In Progress,No,5,98.0,4.0,No,2026-06-19
STU00950,Michael Mills,33.0,Other,India,CRS131,Data Science Masterclass Intermediate,data science,4499.42,2026-05-06,Mobile,Wallet,1.9,21.9,In Progress,No,1,82.3,3.3,Yes,2026-08-30
STU00140,Eric Curry,18.0,Male,Australia,CRS186,Personal Development Masterclass Advanced,Personal Development,1741.31,2026-05-20,Mobile,Net Banking,1.5,1.1,Not Started,No,0,,,No,2026-05-28
STU00849,Sarah Jones,29.0,Female,India,CRS177,Graphic Design Masterclass Bootcamp,graphic design,2182.47,2025-09-09,Mobile,Wallet,34.4,100.0,Completed,Yes,6,95.0,5.0,No,2026-05-03
STU01026,Rachel Khan,16.0,Other,UK,CRS162,Graphic Design Masterclass Advanced,Graphic Design,1062.58,2025-10-07,Desktop,Net Banking,8.4,38.4,In Progress,No,5,68.5,3.4,No,2026-06-06
STU01232,Michael Henry,44.0,Other,,CRS146,Web Development Masterclass Intermediate,Web Dev,2938.67,2025-12-31,Desktop,Credit Card,13.2,55.1,In Progress,No,3,72.1,3.8,No,2026-08-12
STU01139,Jennifer Clarke,33.0,Male,UK,CRS165,Personal Development Masterclass Bootcamp,Personal Development,1347.53,2025-11-09,Mobile,Credit Card,19.9,95.8,Completed,Yes,7,80.7,5.0,No,2026-07-08
STU00901,Michael Colon,22.0,Female,Nigeria,CRS147,Personal Development Masterclass Beginner,Personal Development,1647.27,2026-07-17,Mobile,Debit Card,8.8,46.9,In Progress,No,5,77.7,3.2,No,2026-08-12
STU00732,Richard Stewart,35.0,Other,UK,CRS103,Digital Marketing Masterclass Bootcamp,Digital Marketing,2383.03,2025-11-27,Tablet,Debit Card,4.8,32.5,In Progress,No,2,65.8,3.5,No,2026-05-14
STU00265,Cynthia Wallace,25.0,Other,Australia,CRS141,Web Development Masterclass Advanced,Web Development,3173.05,2025-10-31,Tablet,Net Banking,7.8,39.0,In Progress,No,3,66.0,2.6,No,2026-03-12
STU00275,Dustin Gallegos,22.0,Male,Philippines,CRS181,Cloud Computing Masterclass Advanced,cloud computing,3569.13,2026-02-18,Tablet,UPI,5.2,24.2,In Progress,No,2,72.5,3.1,No,2026-08-04
STU01095,Connor Dominguez,32.0,Other,Canada,CRS101,Graphic Design Masterclass Intermediate,Graphic Design,980.47,2025-06-18,Tablet,Wallet,29.4,99.4,Completed,Yes,2,62.1,4.4,No,2025-07-05
STU00445,Carolyn James,18.0,Other,UK,CRS142,Digital Marketing Masterclass Bootcamp,digital marketing,2141.3,2026-06-29,Mobile,Debit Card,13.6,96.1,Completed,Yes,7,83.7,3.5,No,2026-09-16
STU00040,Dr. Tracy House DVM,33.0,Male,India,CRS194,Digital Marketing Masterclass Bootcamp,Digital Marketing,2164.29,2025-12-28,Tablet,Net Banking,4.8,23.6,In Progress,No,1,46.8,3.6,No,2026-01-10
STU01123,Richard Nguyen,18.0,Other,Philippines,CRS182,IT & Software Masterclass Intermediate,IT and Software,2828.69,2025-06-29,Mobile,Net Banking,4.6,10.9,In Progress,No,0,,3.3,No,2026-04-26
STU01265,Bryan Roman,32.0,Male,UK,CRS133,Data Science Masterclass Intermediate,DataScience,2965.96,2025-07-27,Desktop,Debit Card,10.7,56.8,In Progress,No,3,76.4,3.5,No,2026-07-31
STU00022,Jesse Mckay,18.0,Male,India,CRS106,Personal Development Masterclass Intermediate,Personal Development,1816.06,2026-02-13,Mobile,Net Banking,18.4,95.6,Completed,Yes,12,74.8,4.3,No,2026-03-09
STU00706,Patricia Hayes,21.0,Other,India,CRS129,Cloud Computing Masterclass Advanced,cloud computing,4996.82,2026-07-11,Desktop,Debit Card,2.0,0.0,Not Started,No,0,,,No,2026-09-06
STU00518,Kathleen Rodriguez,,Male,Australia,CRS110,Cloud Computing Masterclass Beginner,cloud computing,5142.52,2025-04-16,Mobile,Credit Card,28.6,100.0,Completed,Yes,8,98.5,4.4,No,2026-07-26
STU01174,Susan Ward,30.0,Other,India,CRS157,Graphic Design Masterclass Bootcamp,Graphic Design,1550.76,2025-08-30,Mobile,,5.6,31.3,In Progress,No,1,71.5,3.1,No,2026-04-19
STU00355,Hannah Ramos,15.0,Other,India,CRS155,IT & Software Masterclass Bootcamp,IT and Software,3031.14,2025-08-16,Mobile,Debit Card,35.8,100.0,Completed,Yes,4,70.9,4.8,No,2025-12-08
STU00298,Meghan Cisneros,22.0,Male,USA,CRS115,Graphic Design Masterclass Advanced,Graphic Design,896.93,2026-02-11,Mobile,Credit Card,17.9,86.0,In Progress,No,5,74.9,4.6,No,2026-05-01
STU01077,Alexander Davis,18.0,Female,USA,CRS118,Web Development Masterclass Beginner,Web Development ,1442.54,2025-07-10,Desktop,Debit Card,3.5,9.6,Not Started,No,0,,,No,2025-11-10
STU00840,Robert Thompson,16.0,Female,India,CRS194,Personal Development Masterclass Intermediate,Personal Development,1415.27,2025-06-02,Mobile,Net Banking,13.5,72.8,In Progress,No,5,97.4,2.9,No,2026-08-29
STU01223,Maria Ross,30.0,Other,UK,CRS179,Business & Finance Masterclass Advanced,Business and Finance,3348.21,2026-01-13,Mobile,UPI,26.4,100.0,Completed,Yes,7,67.0,5.0,No,2026-03-21
STU00925,Jonathan Ayala,16.0,Male,Canada,CRS191,Personal Development Masterclass Bootcamp,Personal Development,1508.13,2025-04-13,Tablet,Wallet,21.8,92.8,In Progress,No,5,74.1,3.9,No,2025-11-07
STU00123,Denise King,15.0,Female,Australia,CRS118,Graphic Design Masterclass Intermediate,Graphic Design,1981.7,2026-04-08,Desktop,Wallet,13.4,42.2,In Progress,No,1,54.4,3.1,No,2026-05-31
STU01228,Patricia Sparks,18.0,Other,India,CRS103,Digital Marketing Masterclass Bootcamp,digital marketing,1353.84,2025-05-07,Mobile,Wallet,16.4,90.6,In Progress,No,10,93.3,4.3,No,2025-06-14
STU01092,Heather Maldonado,37.0,Other,Australia,CRS119,Digital Marketing Masterclass Beginner,digital marketing,1492.32,2025-11-23,Mobile,Credit Card,11.6,50.9,In Progress,No,1,76.0,4.1,No,2026-05-11
STU01248,Robert Pearson,26.0,Female,India,CRS173,Business & Finance Masterclass Advanced,Business and Finance,2136.07,2026-05-07,Mobile,Wallet,4.1,27.9,In Progress,No,0,,4.2,No,2026-07-09
STU01152,Donna Frye,21.0,Male,UK,CRS196,Business & Finance Masterclass Intermediate,Business and Finance,3488.57,2025-11-10,Mobile,UPI,6.9,46.1,In Progress,No,2,87.4,3.7,No,2025-12-05
STU01164,Jake Fernandez,35.0,Other,India,CRS150,Graphic Design Masterclass Beginner,Graphic Design,1799.76,2025-04-05,Mobile,Wallet,27.4,99.5,Completed,Yes,7,63.1,3.9,No,2025-09-20
STU00418,Theresa Barnett,36.0,Female,Canada,CRS162,Digital Marketing Masterclass Bootcamp,Digital Marketing,2735.64,2025-04-18,Desktop,Debit Card,17.0,86.4,In Progress,No,6,89.1,3.9,No,2025-05-05
STU00967,James Torres,24.0,Male,USA,CRS164,Personal Development Masterclass Intermediate,Personal Development,1771.42,2026-02-08,Desktop,Debit Card,14.8,63.4,In Progress,No,2,94.9,2.8,No,2026-02-18
STU01243,Gabriella Shaw,22.0,Other,UK,CRS115,Web Development Masterclass Intermediate,Web Development,2706.94,2026-05-10,Desktop,Wallet,21.5,100.0,Completed,Yes,6,87.7,4.5,No,2026-05-23
STU00158,Katie Hoover,18.0,Male,USA,CRS198,Personal Development Masterclass Advanced,Personal Development,539.3,2026-05-01,Mobile,Debit Card,11.1,36.1,In Progress,No,4,78.4,3.2,No,2026-06-28
STU01119,Matthew Mitchell,31.0,Other,India,CRS170,Cloud Computing Masterclass Beginner,cloud computing,5682.47,2025-06-18,Mobile,,9.3,60.5,In Progress,No,1,79.3,3.2,No,2026-04-20
STU01280,Alexander Williams,25.0,Male,India,CRS195,Digital Marketing Masterclass Advanced,Digital Marketing,1081.12,2026-05-13,Mobile,Net Banking,7.4,21.3,In Progress,No,1,68.1,3.2,No,2026-08-15
STU01064,Shannon Cooper,23.0,Male,India,CRS161,IT & Software Masterclass Beginner,IT & Software,2753.9,2026-03-16,Desktop,Net Banking,19.3,100.0,Completed,Yes,8,99.9,4.3,No,2026-06-14
STU01155,Matthew Carter,22.0,Female,India,CRS149,Web Development Masterclass Beginner,web dev,3886.26,2025-05-26,Mobile,Debit Card,10.4,46.5,In Progress,No,2,90.3,3.2,No,2025-11-08
STU00393,Alexis Harris,33.0,Other,UK,CRS121,IT & Software Masterclass Intermediate,IT & Software,4733.07,2025-10-21,Desktop,UPI,8.5,38.5,In Progress,No,2,87.6,3.8,No,2026-07-02
STU00190,Jordan Chambers,23.0,Female,USA,CRS198,Web Development Masterclass Beginner,Web Development ,1469.83,2026-05-01,Desktop,Net Banking,8.4,37.4,In Progress,No,4,81.0,3.7,No,2026-05-02
STU00590,Margaret Tanner,30.0,Other,Germany,CRS110,IT & Software Masterclass Intermediate,IT and Software,2713.12,2026-06-19,Mobile,Net Banking,6.1,31.5,In Progress,No,0,,3.0,No,2026-06-27
STU00761,Elizabeth Silva,30.0,Male,India,CRS111,Business & Finance Masterclass Advanced,Business & Finance,1902.76,2025-08-30,Desktop,Debit Card,1.6,0.0,Not Started,No,0,,,No,2026-02-19
STU01063,Robert Green,47.0,Male,India,CRS101,Digital Marketing Masterclass Intermediate,Digital Marketing,2614.86,2026-01-18,Tablet,Wallet,14.2,52.0,In Progress,No,4,83.9,3.8,No,2026-02-23
STU00243,Kathleen Webster,17.0,Other,Canada,CRS182,Data Science Masterclass Intermediate,DataScience,5903.36,2026-02-20,Desktop,Credit Card,3.2,29.0,In Progress,No,3,82.1,3.7,No,2026-03-29
STU00885,Lori Brown DDS,33.0,Male,India,CRS142,IT & Software Masterclass Advanced,IT & Software,4204.22,2026-02-01,Mobile,UPI,,93.1,In Progress,No,9,85.4,4.4,No,2026-09-02
STU01378,Rachel Pearson,,Other,UAE,CRS162,IT & Software Masterclass Intermediate,IT & Software,2526.79,2025-11-04,Mobile,UPI,16.0,68.3,In Progress,No,6,100.0,3.6,No,2026-01-08
STU00621,David Reese,,Female,UK,CRS139,Graphic Design Masterclass Beginner,graphic design,1713.09,2025-04-08,Mobile,Net Banking,11.5,41.4,In Progress,No,3,69.2,3.9,No,2026-07-21
STU00651,Samuel Ruiz,25.0,Other,Canada,CRS134,Data Science Masterclass Beginner,Data  Science,3521.06,2025-09-06,Tablet,,1.7,24.3,In Progress,No,3,86.5,4.4,Yes,2025-12-13
STU00504,Timothy Hill,20.0,Other,Australia,CRS158,IT & Software Masterclass Bootcamp,IT and Software,2902.84,2025-05-26,Mobile,Credit Card,16.1,94.9,In Progress,No,6,87.2,3.9,No,2026-04-02
STU00923,Kathy Walker,21.0,Female,UK,CRS114,Cloud Computing Masterclass Beginner,Cloud Computing,6158.2,2025-10-08,Mobile,Net Banking,8.0,37.0,In Progress,No,2,74.4,3.5,No,2026-03-10
STU00160,Juan Daniels,39.0,Other,USA,CRS121,IT & Software Masterclass Intermediate,IT and Software,4418.03,2025-06-03,Mobile,Wallet,6.0,39.3,In Progress,No,2,71.7,3.5,No,2026-02-12
STU00883,Richard Alvarez,19.0,Female,India,CRS188,Personal Development Masterclass Intermediate,Personal Development,1086.08,2026-04-30,Desktop,Credit Card,15.0,100.0,Completed,Yes,11,70.9,4.7,No,2026-05-01
STU00538,Blake Watson,29.0,Other,India,CRS129,Data Science Masterclass Advanced,Data  Science,1899.48,2025-10-20,Mobile,Credit Card,7.2,34.4,In Progress,No,1,62.1,2.8,No,2026-06-16
STU00241,Sabrina Briggs,22.0,Female,India,CRS137,Data Science Masterclass Bootcamp,data science,3950.24,2026-06-30,Mobile,Credit Card,11.9,50.5,In Progress,No,2,68.3,4.1,No,2026-07-27
STU00014,Ethan Adams,32.0,Other,Singapore,CRS164,Cloud Computing Masterclass Beginner,Cloud Computing,3838.92,2026-04-24,Mobile,Wallet,4.5,30.7,In Progress,No,0,,4.8,No,2026-05-27
STU00476,Angela Anderson,25.0,Female,Nigeria,CRS172,Data Science Masterclass Intermediate,Data Science,3402.09,2026-03-18,Mobile,Net Banking,10.1,66.8,In Progress,No,4,73.4,4.7,No,2026-05-11
STU01439,Jack Campbell DVM,26.0,Other,USA,CRS120,Digital Marketing Masterclass Beginner,Digital Marketing,2392.09,2026-03-25,Mobile,Wallet,11.4,30.0,In Progress,No,3,53.3,3.3,No,2026-05-05
STU01414,Jason Jackson,25.0,Male,Australia,CRS148,Business & Finance Masterclass Intermediate,Business & Finance,3120.99,2025-07-29,Mobile,Net Banking,4.1,8.5,Not Started,No,0,,,No,2025-09-04
STU00929,Kirk Johnson,27.0,Other,India,CRS105,Cloud Computing Masterclass Bootcamp,Cloud Computing,6274.1,2025-10-23,Desktop,Net Banking,6.6,42.8,In Progress,No,1,90.1,4.1,No,2026-02-14
STU01339,Calvin Smith,35.0,Male,India,CRS157,Personal Development Masterclass Bootcamp,Personal Development,518.28,2026-03-10,Mobile,Credit Card,1.5,8.3,Not Started,No,1,58.0,,No,2026-05-24
STU01386,Virginia Cunningham,25.0,Other,UK,CRS174,Graphic Design Masterclass Beginner,graphic design,993.24,2025-11-08,Desktop,UPI,1.1,6.9,Not Started,No,1,55.3,,No,2026-09-12
STU01345,Michelle Petty,27.0,Male,India,CRS135,Personal Development Masterclass Intermediate,Personal Development,1615.67,2025-04-14,Mobile,Debit Card,20.1,100.0,Completed,Yes,6,91.4,5.0,No,2025-04-18
STU00796,Jane Chapman,28.0,Female,Canada,CRS155,Personal Development Masterclass Advanced,Personal Development,1491.9,2025-07-15,Desktop,UPI,18.6,92.3,In Progress,No,2,80.0,4.7,No,2026-06-24
STU00356,Joshua Fitzpatrick,27.0,Other,Philippines,CRS128,IT & Software Masterclass Intermediate,IT & Software,1694.78,2025-07-29,Desktop,Wallet,11.4,56.1,In Progress,No,3,56.6,3.9,No,2026-02-13
STU01059,Amy Kennedy,18.0,Male,UAE,CRS193,Digital Marketing Masterclass Bootcamp,Digital Marketing,2035.59,2026-04-10,Mobile,Wallet,7.1,15.4,In Progress,No,1,82.7,3.7,No,2026-08-05
STU00335,Jennifer Norton,20.0,Other,UAE,CRS184,Web Development Masterclass Intermediate,web dev,3196.79,2026-03-05,Mobile,Wallet,20.4,76.1,In Progress,No,4,82.0,3.6,No,2026-03-28
STU00689,Vanessa Santiago,15.0,Male,UK,CRS154,Personal Development Masterclass Bootcamp,Personal Development,704.38,2026-04-19,Desktop,UPI,14.0,58.0,In Progress,No,7,75.6,3.4,No,2026-07-15
STU01401,Stephanie Harrington,28.0,Female,India,CRS119,Business & Finance Masterclass Beginner,Business & Finance,2034.89,2025-10-20,Desktop,UPI,1.6,12.0,In Progress,No,0,,2.9,Yes,2026-04-28
STU00185,Carlos Ryan,23.0,Other,USA,CRS190,Digital Marketing Masterclass Bootcamp,digital marketing,900.43,2025-08-18,Desktop,UPI,0.8,2.9,Not Started,No,0,,,No,2026-06-10
STU00824,Michael Nicholson,37.0,Female,India,CRS177,Business & Finance Masterclass Intermediate,Business and Finance,2879.93,2026-05-23,Mobile,Debit Card,18.9,100.0,Completed,Yes,7,67.7,5.0,No,2026-06-21
STU01421,Bradley Fields,15.0,Male,India,CRS188,Data Science Masterclass Intermediate,DataScience,1756.53,2026-04-28,Mobile,Wallet,12.9,57.3,In Progress,No,4,75.9,3.9,No,2026-06-10
STU01350,Michael Smith,25.0,Female,India,CRS185,Cloud Computing Masterclass Intermediate,Cloud Computing,6791.43,2025-11-29,Desktop,Debit Card,5.9,27.3,In Progress,No,2,71.3,3.5,No,2026-08-31
STU01002,Joshua Clark,23.0,Male,Philippines,CRS188,Web Development Masterclass Beginner,web dev,2980.6,2025-08-20,Desktop,Debit Card,1.8,6.1,Not Started,No,2,54.0,,No,2026-06-01
STU00188,Vincent Dalton,22.0,Male,Germany,CRS165,Business & Finance Masterclass Advanced,Business & Finance,2183.73,2025-05-17,Tablet,Debit Card,1.5,0.0,Not Started,No,0,,,No,2026-08-30
STU00942,David Moreno,15.0,Male,USA,CRS135,Personal Development Masterclass Advanced,Personal Development,1658.23,2025-11-10,Mobile,Credit Card,9.0,51.2,In Progress,No,4,63.5,3.8,No,2026-08-26
STU00285,Nancy Cook,36.0,Other,India,CRS170,Data Science Masterclass Advanced,data science,4648.38,2026-04-01,Desktop,Debit Card,13.6,72.4,In Progress,No,5,81.3,4.5,No,2026-07-16
STU01416,James Carey,25.0,Other,Singapore,CRS126,Web Development Masterclass Intermediate,Web Development,3914.2,2025-08-31,Desktop,Credit Card,6.1,20.2,In Progress,No,1,38.5,2.7,No,2026-02-05
STU00900,Amy Grant,19.0,Male,India,CRS186,Digital Marketing Masterclass Intermediate,Digital Marketing,2362.85,2026-06-22,Mobile,Credit Card,7.7,24.1,In Progress,No,2,51.1,3.3,No,2026-06-29
STU01481,Charles Glass,26.0,Other,India,CRS173,Cloud Computing Masterclass Intermediate,Cloud Computing,3784.91,2026-06-17,Mobile,Debit Card,3.5,26.7,In Progress,No,2,84.1,3.2,No,2026-09-06
STU00166,John Costa,23.0,Male,USA,CRS110,Cloud Computing Masterclass Advanced,cloud computing,4058.83,2025-10-16,Mobile,UPI,35.0,94.3,In Progress,No,5,84.7,4.0,No,2026-05-24
STU00348,Kelly Edwards,31.0,Female,Singapore,CRS176,Cloud Computing Masterclass Bootcamp,Cloud Computing,2292.83,2025-07-04,Mobile,Net Banking,37.9,100.0,Completed,No,8,84.1,4.5,No,2025-11-24
STU00299,Amanda Jones,15.0,Other,Canada,CRS126,Graphic Design Masterclass Advanced,Graphic Design,1953.51,2025-05-31,Mobile,Wallet,6.6,21.6,In Progress,No,1,86.0,3.4,No,2026-03-15
STU00536,Timothy Mathews,15.0,Female,UK,CRS105,Data Science Masterclass Intermediate,DataScience,3933.72,2025-11-17,Mobile,Debit Card,7.0,28.0,In Progress,No,3,75.4,2.9,No,2026-03-13
STU00230,Ashley Jordan,23.0,Other,Australia,CRS176,Personal Development Masterclass Bootcamp,Personal Development,1940.94,2025-11-02,Desktop,Debit Card,15.3,72.0,In Progress,No,5,84.9,4.3,No,2026-01-28
STU00042,Richard Gibson,,Male,India,CRS108,Business & Finance Masterclass Intermediate,Business and Finance,3961.83,2025-09-30,Mobile,UPI,12.5,45.4,In Progress,No,5,74.1,3.7,No,2026-09-12
STU00869,Scott White,31.0,Male,India,CRS150,Graphic Design Masterclass Advanced,Graphic Design,1125.18,2026-04-07,Mobile,Credit Card,10.0,48.7,In Progress,No,3,88.5,3.4,No,2026-08-17
STU00749,Elizabeth Miller,23.0,Other,Australia,CRS184,Web Development Masterclass Beginner,Web Development ,2924.26,2026-07-11,Desktop,Net Banking,12.9,61.1,In Progress,No,2,94.5,3.5,No,2026-07-18
STU01457,Michael Hansen,18.0,Other,USA,CRS111,Graphic Design Masterclass Advanced,graphic design,968.96,2025-08-21,Mobile,Debit Card,10.1,49.4,In Progress,No,1,90.8,3.1,No,2026-04-24
STU00447,David Weber,22.0,Male,Germany,CRS169,Graphic Design Masterclass Intermediate,graphic design,2329.34,2025-11-24,Mobile,Credit Card,12.7,55.9,In Progress,No,6,79.6,3.4,No,2025-12-16
STU00350,Lisa Lee,24.0,Female,,CRS128,Graphic Design Masterclass Intermediate,graphic design,2440.17,2026-03-26,Desktop,Credit Card,5.5,39.0,In Progress,No,3,78.0,2.1,No,2026-07-17
STU00046,Kurt Leonard,32.0,Male,Nigeria,CRS115,IT & Software Masterclass Bootcamp,IT and Software,2532.98,2026-07-28,Tablet,Wallet,13.3,58.8,In Progress,No,3,63.5,4.2,No,2026-08-01
STU01462,Kenneth Walsh,31.0,Other,India,CRS194,Business & Finance Masterclass Intermediate,Business and Finance,2182.34,2025-04-22,Mobile,Debit Card,1.8,21.8,In Progress,No,0,,4.1,No,2026-06-01
STU01485,Stacey Clark,32.0,Male,USA,CRS151,Web Development Masterclass Advanced,Web Development,3112.94,2026-06-13,Mobile,Net Banking,3.1,4.0,Not Started,No,0,,,No,2026-09-03
STU00109,Miguel Jones,34.0,Male,Philippines,CRS187,Business & Finance Masterclass Advanced,Business & Finance,2315.85,2026-03-04,Desktop,UPI,9.2,46.7,In Progress,No,5,92.1,4.5,No,2026-09-09
STU00030,Christina Collins,15.0,Female,Canada,CRS191,Data Science Masterclass Beginner,Data  Science,4394.8,2025-07-06,Desktop,UPI,23.6,100.0,Completed,Yes,5,85.9,4.2,No,2026-02-27
STU00182,Megan Le,35.0,Male,UAE,CRS108,Digital Marketing Masterclass Beginner,Digital Marketing,940.01,2025-09-17,Desktop,Net Banking,12.9,55.8,In Progress,No,5,43.7,4.2,No,2026-05-08
STU00622,Robert Turner,31.0,Male,India,CRS150,Cloud Computing Masterclass Intermediate,Cloud Computing,5390.61,2026-07-08,Desktop,UPI,11.1,60.7,In Progress,No,5,92.8,3.9,No,2026-09-10
STU00635,Alexa Buck,20.0,Male,India,CRS109,IT & Software Masterclass Bootcamp,IT & Software,4976.4,2025-03-29,Desktop,Debit Card,27.1,94.2,In Progress,No,6,82.6,5.0,No,2026-05-22
STU00105,Alex Hernandez,21.0,Female,India,CRS122,IT & Software Masterclass Advanced,IT & Software,2030.86,2026-04-12,,Wallet,31.4,100.0,Completed,Yes,5,100.0,4.7,No,2026-09-09
STU00061,Steven Flynn,33.0,Female,India,CRS141,Personal Development Masterclass Intermediate,Personal Development,1724.9,2025-06-03,Mobile,UPI,1.1,0.0,Not Started,No,0,,,No,2025-08-02
STU00659,Curtis Watson,36.0,Female,India,CRS122,Business & Finance Masterclass Intermediate,Business and Finance,3888.35,2026-07-31,Tablet,Debit Card,6.8,31.2,In Progress,No,2,39.8,3.1,No,2026-08-18
STU01108,Charles Perry,20.0,Male,Singapore,CRS144,Digital Marketing Masterclass Beginner,digital marketing,1377.09,2026-01-19,Mobile,UPI,16.7,59.0,In Progress,No,5,77.8,4.2,No,2026-04-10
STU00491,Michael Roberts,15.0,Other,USA,CRS104,Data Science Masterclass Intermediate,data science,4077.48,2025-08-11,Mobile,Wallet,16.8,68.0,In Progress,No,2,77.2,4.2,No,2026-03-16
STU00316,Sarah King,28.0,Other,USA,CRS163,Graphic Design Masterclass Intermediate,Graphic Design,1185.9,2025-09-13,Desktop,Debit Card,20.1,100.0,Completed,Yes,12,81.9,5.0,No,2026-08-27
STU00382,Joyce Brown,27.0,Female,Germany,CRS124,Digital Marketing Masterclass Beginner,Digital Marketing,1917.07,2026-05-11,Mobile,Wallet,20.5,100.0,Completed,No,9,78.3,4.6,No,2026-07-08
STU00423,Ashley Davis,26.0,Male,USA,CRS163,Personal Development Masterclass Intermediate,Personal Development,1702.76,2026-03-02,Desktop,Net Banking,12.0,43.6,In Progress,No,3,76.5,4.6,No,2026-08-10
STU01467,Sandy Trevino,36.0,Female,USA,CRS145,Business & Finance Masterclass Bootcamp,Business & Finance,2190.55,2026-03-04,Tablet,Debit Card,12.8,61.1,In Progress,No,4,100.0,4.0,No,2026-03-15
STU00446,Arthur Hamilton MD,20.0,Other,UK,CRS144,Business & Finance Masterclass Intermediate,Business and Finance,2512.4,2025-05-29,Tablet,Credit Card,6.3,22.2,In Progress,No,0,,2.3,No,2025-10-19
STU00664,Heather Lopez,29.0,Other,UK,CRS151,Cloud Computing Masterclass Beginner,Cloud Computing,2962.91,2026-08-15,Tablet,UPI,16.4,74.7,In Progress,No,4,84.8,4.9,No,2026-08-26
STU01025,Lisa Durham,27.0,Female,USA,CRS172,Web Development Masterclass Advanced,Web Development ,1521.77,2025-07-16,Mobile,Credit Card,5.6,34.2,In Progress,No,5,78.6,4.2,No,2025-10-20
STU00780,Mr. Larry Shaw,26.0,Other,Germany,CRS103,IT & Software Masterclass Bootcamp,IT & Software,3058.63,2025-09-17,Mobile,UPI,5.6,38.7,In Progress,No,2,59.7,3.4,No,2026-07-31
STU00627,Brandy York,29.0,Other,Nigeria,CRS176,Digital Marketing Masterclass Beginner,digital marketing,2431.6,2025-06-09,Desktop,Net Banking,20.4,68.3,In Progress,No,3,68.5,4.6,No,2025-10-31
STU01113,Jennifer Hurley,27.0,Other,Philippines,CRS176,Data Science Masterclass Intermediate,DataScience,2225.24,2025-07-03,Mobile,,3.9,21.0,In Progress,No,1,72.2,3.3,No,2026-04-11
STU01102,Kaitlin Hardin,28.0,Female,Canada,CRS123,IT & Software Masterclass Bootcamp,IT & Software,2405.86,2025-04-07,Tablet,Net Banking,19.9,83.2,In Progress,No,6,86.5,3.9,No,2025-06-20
STU00269,Brenda Wright,17.0,Female,USA,CRS111,Web Development Masterclass Intermediate,Web Dev,4448.9,2026-07-31,Desktop,Net Banking,8.5,26.0,In Progress,No,3,69.4,3.9,No,2026-09-09
STU00930,Wanda Ramos,30.0,Other,UK,CRS192,Digital Marketing Masterclass Advanced,Digital Marketing,2308.88,2025-08-23,Desktop,Credit Card,11.0,55.7,In Progress,No,5,88.9,3.6,No,2026-09-13
STU01148,Destiny Brown,15.0,Male,UK,CRS138,IT & Software Masterclass Bootcamp,IT and Software,2687.41,2025-09-17,Mobile,Wallet,3.2,9.2,Not Started,No,0,,,No,2025-12-23
STU01322,Emily Cohen,21.0,Female,UK,CRS145,Cloud Computing Masterclass Advanced,Cloud Computing,5260.57,2025-11-27,Desktop,Credit Card,33.9,100.0,Completed,Yes,11,71.4,4.7,No,2026-04-03
STU01120,Olivia Williams,15.0,Female,Nigeria,CRS190,Web Development Masterclass Intermediate,Web Development ,4598.07,2025-10-29,Mobile,Net Banking,21.5,100.0,Completed,Yes,7,87.5,4.1,No,2026-02-14
STU00012,Carla Gray,30.0,Other,USA,CRS159,Digital Marketing Masterclass Intermediate,digital marketing,1511.05,2026-01-27,Mobile,Net Banking,8.8,39.0,In Progress,No,4,89.6,3.6,No,2026-03-08
STU00115,Nicholas Adams,33.0,Other,USA,CRS129,IT & Software Masterclass Advanced,IT and Software,3318.96,2025-12-22,Desktop,UPI,12.9,66.0,In Progress,No,1,76.5,4.7,No,2026-05-01
STU00844,Justin Frederick,26.0,Female,India,CRS191,Graphic Design Masterclass Intermediate,graphic design,1800.39,2025-11-06,Desktop,Wallet,16.2,86.1,In Progress,No,8,69.5,3.2,No,2026-02-19
STU01453,Gavin Bauer,36.0,Female,Germany,CRS173,IT & Software Masterclass Bootcamp,IT & Software,2250.11,2025-07-20,Mobile,Net Banking,11.1,66.2,In Progress,No,5,77.0,4.7,No,2025-12-11
STU01282,Christopher Black,,Female,India,CRS137,Business & Finance Masterclass Advanced,Business and Finance,1730.34,2026-02-06,Mobile,Wallet,12.1,69.0,In Progress,No,9,92.9,4.0,No,2026-04-17
STU00353,Bryan Rhodes,30.0,Male,India,CRS141,Data Science Masterclass Bootcamp,Data Science,5029.82,2026-07-14,Desktop,Debit Card,,100.0,Completed,Yes,6,83.8,5.0,No,2026-09-04
STU01497,Gary Turner,16.0,Other,Germany,CRS188,Business & Finance Masterclass Beginner,Business & Finance,3510.15,2025-04-07,Mobile,Net Banking,21.6,94.3,In Progress,No,6,74.0,5.0,No,2025-07-21
STU00774,John Brown,15.0,Other,Nigeria,CRS131,Cloud Computing Masterclass Advanced,cloud computing,2536.81,2025-11-23,Mobile,Net Banking,7.3,35.7,In Progress,No,3,65.9,4.4,No,2026-03-10
STU00691,Janice Combs,29.0,Male,Philippines,CRS167,Personal Development Masterclass Beginner,Personal Development,1822.78,2025-07-25,Desktop,Wallet,16.9,67.5,In Progress,No,5,79.5,4.4,No,2025-12-17
STU00791,Scott Gordon,27.0,Female,India,CRS191,Web Development Masterclass Beginner,Web Development ,1758.21,2025-10-04,Mobile,Net Banking,8.2,48.3,In Progress,No,4,71.1,3.0,No,2025-11-10
STU00532,Michael Ray,27.0,Male,India,CRS156,Business & Finance Masterclass Bootcamp,Business & Finance,1235.53,2026-05-10,Desktop,Debit Card,14.0,67.0,In Progress,No,5,67.4,5.0,No,2026-06-14
STU00868,Melinda Mitchell,22.0,Male,India,CRS148,Business & Finance Masterclass Intermediate,Business and Finance,3094.94,2026-04-18,Tablet,UPI,43.2,95.1,Completed,Yes,1,76.4,4.9,No,2026-09-04
STU00170,Brett Schultz,25.0,Male,USA,CRS163,Web Development Masterclass Beginner,Web Development,3538.13,2026-08-16,Desktop,Net Banking,3.4,14.1,In Progress,No,2,70.7,2.6,No,2026-09-09
STU00240,Ashley Hicks,19.0,Male,India,CRS106,Data Science Masterclass Intermediate,data science,2536.87,2025-09-07,Desktop,Net Banking,22.7,100.0,Completed,Yes,8,100.0,3.5,No,2025-11-09
STU01302,Bruce Williams,,Other,USA,CRS150,Cloud Computing Masterclass Bootcamp,cloud computing,2400.21,2025-08-30,Mobile,Credit Card,10.2,47.7,In Progress,No,1,86.3,3.5,No,2026-03-21
STU01185,Jennifer Vasquez,28.0,Female,USA,CRS171,Cloud Computing Masterclass Advanced,Cloud Computing,2006.6,2025-11-18,Tablet,Net Banking,3.7,5.6,Not Started,No,0,,,No,2026-06-04
STU00074,Natalie Lambert,28.0,Female,Philippines,CRS134,Cloud Computing Masterclass Advanced,cloud computing,3985.92,2026-07-10,Desktop,UPI,12.1,62.6,In Progress,No,1,66.3,2.9,No,2026-08-16
STU01087,Danielle Griffin,26.0,Male,India,CRS169,Graphic Design Masterclass Advanced,Graphic Design,2269.91,2025-05-11,Mobile,UPI,2.0,26.6,In Progress,No,1,52.6,3.1,No,2025-06-16
STU00762,Jeffrey Smith,23.0,Male,UK,CRS109,IT & Software Masterclass Advanced,IT and Software,3639.2,2026-01-05,Mobile,Net Banking,10.3,31.1,In Progress,No,2,61.9,3.4,No,2026-04-08
STU00741,Kimberly Smith,15.0,Other,Germany,CRS136,IT & Software Masterclass Advanced,IT and Software,3128.66,2026-07-22,Mobile,Net Banking,3.7,30.4,In Progress,No,1,95.8,2.7,No,2026-07-31
STU00751,Robert Gardner,31.0,Female,USA,CRS104,Personal Development Masterclass Beginner,Personal Development,1582.27,2025-12-19,Desktop,Net Banking,9.1,48.2,In Progress,No,4,83.1,4.8,No,2026-01-25
STU00742,Sharon Coleman,26.0,Male,UK,CRS108,Business & Finance Masterclass Bootcamp,Business and Finance,1378.41,2025-04-21,Mobile,Net Banking,11.3,51.2,In Progress,No,8,64.0,3.2,No,2026-04-01
STU00831,William Moon IV,26.0,Other,India,CRS146,Web Development Masterclass Beginner,web dev,3570.22,2026-06-25,Mobile,Credit Card,17.8,92.3,In Progress,No,5,60.3,3.9,No,2026-09-06
STU00048,Kelly Donovan,23.0,Female,UK,CRS174,Digital Marketing Masterclass Advanced,digital marketing,1189.42,2026-02-02,Mobile,UPI,5.0,19.8,In Progress,No,0,,2.7,No,2026-05-08
STU00763,Jessica Larsen,16.0,Other,UK,CRS165,Business & Finance Masterclass Bootcamp,Business and Finance,2582.87,2025-07-24,Mobile,Net Banking,15.7,67.5,In Progress,No,9,88.0,3.4,No,2025-10-25
STU00592,Nicholas Costa,29.0,Male,Australia,CRS157,Digital Marketing Masterclass Intermediate,digital marketing,1273.54,2025-05-13,Mobile,UPI,2.9,13.1,In Progress,No,0,,3.6,Yes,2025-05-13
STU00808,Austin Walker,23.0,Other,Canada,CRS155,Cloud Computing Masterclass Advanced,cloud computing,3747.37,2025-06-02,Mobile,Net Banking,18.3,100.0,Completed,Yes,8,78.0,4.7,No,2026-08-13
STU01084,Jeremiah Vasquez,28.0,Male,India,CRS116,Graphic Design Masterclass Bootcamp,Graphic Design,1600.84,2025-04-19,Mobile,Net Banking,6.0,32.3,In Progress,No,4,74.2,4.2,No,2026-08-26
STU00506,Cynthia Rios,23.0,Female,USA,CRS154,Business & Finance Masterclass Intermediate,Business & Finance,3160.33,2025-10-09,Desktop,UPI,9.4,31.2,In Progress,No,1,84.4,2.2,No,2026-01-22
STU01045,Tim Larsen,32.0,Male,Singapore,CRS183,Graphic Design Masterclass Bootcamp,Graphic Design,1199.0,2025-11-19,Mobile,Wallet,25.5,95.9,Completed,Yes,3,86.0,3.9,No,2026-01-15
STU01449,Allison Mclaughlin,23.0,Female,India,CRS193,Cloud Computing Masterclass Bootcamp,cloud computing,5829.33,2025-06-27,Mobile,UPI,5.0,16.9,In Progress,No,0,,2.8,No,2025-08-02
STU00653,Edwin Brown,25.0,Other,Germany,CRS101,Graphic Design Masterclass Advanced,Graphic Design,2087.53,2025-12-02,Mobile,Wallet,8.7,39.5,In Progress,No,3,69.8,2.8,No,2026-08-10
STU00193,Susan Turner,39.0,Other,India,CRS110,Digital Marketing Masterclass Advanced,digital marketing,2280.53,2025-07-11,Tablet,Wallet,4.3,17.8,In Progress,No,2,46.7,2.9,No,2025-08-07
STU01240,Gabriel Murray,34.0,Female,Canada,CRS119,IT & Software Masterclass Bootcamp,IT & Software,5174.89,2025-08-23,Mobile,Credit Card,6.3,15.5,In Progress,No,1,69.9,2.7,No,2026-01-01
STU00245,Brittany Jones,24.0,Male,UK,CRS149,Digital Marketing Masterclass Bootcamp,Digital Marketing,2350.72,2026-02-04,Tablet,Wallet,11.6,69.6,In Progress,No,4,81.8,4.9,No,2026-08-18
STU01388,Megan Klein,43.0,Female,Canada,CRS182,Personal Development Masterclass Advanced,Personal Development,1132.79,2025-08-13,Mobile,Net Banking,5.3,21.2,In Progress,No,1,82.4,3.8,No,2026-06-23
STU00060,Sandra Aguilar,35.0,Other,UK,CRS103,Cloud Computing Masterclass Intermediate,Cloud Computing,2698.86,2026-06-18,Tablet,Wallet,12.1,58.9,In Progress,No,4,71.6,3.7,No,2026-09-09
STU01246,Jennifer Perez PhD,20.0,Other,UK,CRS157,Web Development Masterclass Advanced,Web Development ,4370.91,2025-08-14,Tablet,Net Banking,11.1,40.2,In Progress,No,2,57.3,3.3,No,2025-09-02
STU00177,Ryan Gonzalez,28.0,Male,UAE,CRS151,Business & Finance Masterclass Advanced,Business and Finance,3613.61,2026-02-12,Mobile,Credit Card,16.7,100.0,Completed,Yes,8,88.0,4.5,No,2026-05-15
STU00450,Brandy Flores,24.0,Other,USA,CRS194,Graphic Design Masterclass Intermediate,graphic design,1508.62,2026-05-14,Mobile,Wallet,5.9,44.3,In Progress,No,3,78.3,2.8,No,2026-08-31
STU00056,Mark Baker,26.0,Male,USA,CRS152,Digital Marketing Masterclass Intermediate,digital marketing,2704.12,2026-01-25,Mobile,Debit Card,6.2,28.9,In Progress,No,4,62.8,3.8,No,2026-07-13
STU01279,Heather Guzman,15.0,Other,Australia,CRS148,Data Science Masterclass Intermediate,DataScience,1993.19,2026-05-19,,UPI,25.0,100.0,Completed,Yes,12,68.6,4.5,No,2026-08-12
STU00920,Lindsey Smith,25.0,Female,India,CRS172,Personal Development Masterclass Intermediate,Personal Development,958.07,2026-06-11,Mobile,Net Banking,4.7,28.7,In Progress,No,2,63.0,3.5,No,2026-07-03
STU01410,Stacy Wallace,20.0,Female,UK,CRS128,Personal Development Masterclass Beginner,Personal Development,1418.01,2026-04-29,Mobile,Net Banking,21.4,80.1,In Progress,No,3,74.8,5.0,No,2026-06-02
STU01222,Diana Reeves,18.0,Male,USA,CRS183,Cloud Computing Masterclass Advanced,Cloud Computing,2380.45,2025-05-21,Mobile,UPI,16.2,95.9,Completed,Yes,4,88.3,4.2,No,2026-07-01
STU01093,Ann Nichols,22.0,Other,India,CRS120,Web Development Masterclass Beginner,Web Dev,2322.43,2025-10-12,Mobile,Debit Card,62.400000000000006,24.1,In Progress,No,3,51.0,3.6,No,2026-05-15
STU01193,Melinda Turner,31.0,Other,Germany,CRS102,Graphic Design Masterclass Advanced,Graphic Design,1523.47,2025-12-25,Desktop,Wallet,26.3,95.2,Completed,Yes,10,98.9,3.8,No,2026-08-14
STU01210,Kimberly Beltran,32.0,Female,Nigeria,CRS120,Data Science Masterclass Intermediate,Data  Science,4698.0,2025-06-26,Mobile,UPI,6.2,17.8,In Progress,No,5,88.5,3.7,No,2025-10-30
STU01060,Rhonda Weber MD,20.0,Female,,CRS124,Business & Finance Masterclass Beginner,Business & Finance,3272.45,2025-06-14,Mobile,Net Banking,1.8,4.6,Not Started,No,0,,,No,2025-07-07
STU00642,Chris Cannon,24.0,Female,India,CRS172,Personal Development Masterclass Advanced,Personal Development,1264.64,2026-03-21,Mobile,Wallet,1.5,17.4,In Progress,No,1,56.4,3.1,Yes,2026-08-29
